-- phpMyAdmin SQL Dump
-- version 4.7.4
-- https://www.phpmyadmin.net/
--
-- Servidor: 127.0.0.1
-- Tiempo de generación: 20-08-2018 a las 20:39:30
-- Versión del servidor: 10.1.30-MariaDB
-- Versión de PHP: 7.2.1

SET SQL_MODE = "NO_AUTO_VALUE_ON_ZERO";
SET AUTOCOMMIT = 0;
START TRANSACTION;
SET time_zone = "+00:00";


/*!40101 SET @OLD_CHARACTER_SET_CLIENT=@@CHARACTER_SET_CLIENT */;
/*!40101 SET @OLD_CHARACTER_SET_RESULTS=@@CHARACTER_SET_RESULTS */;
/*!40101 SET @OLD_COLLATION_CONNECTION=@@COLLATION_CONNECTION */;
/*!40101 SET NAMES utf8mb4 */;

--
-- Base de datos: `shop`
--

-- --------------------------------------------------------

--
-- Estructura de tabla para la tabla `categories`
--

CREATE TABLE `categories` (
  `id` int(10) UNSIGNED NOT NULL,
  `name` varchar(191) COLLATE utf8mb4_unicode_ci NOT NULL,
  `description` varchar(191) COLLATE utf8mb4_unicode_ci DEFAULT NULL,
  `image` varchar(191) COLLATE utf8mb4_unicode_ci DEFAULT NULL,
  `created_at` timestamp NULL DEFAULT NULL,
  `updated_at` timestamp NULL DEFAULT NULL
) ENGINE=InnoDB DEFAULT CHARSET=utf8mb4 COLLATE=utf8mb4_unicode_ci;

--
-- Volcado de datos para la tabla `categories`
--

INSERT INTO `categories` (`id`, `name`, `description`, `image`, `created_at`, `updated_at`) VALUES
(1, 'Sunt', 'Id ipsum voluptas et cum sequi aut ducimus dolorem quidem.', NULL, '2018-08-20 22:41:02', '2018-08-20 22:41:02'),
(2, 'Omnis', 'Repellendus voluptas nisi sint alias odit sed voluptas vel dolores.', NULL, '2018-08-20 22:41:02', '2018-08-20 22:41:02'),
(3, 'Non', 'Aliquid consequatur ut aut dolor dolores debitis distinctio similique.', NULL, '2018-08-20 22:41:02', '2018-08-20 22:41:02'),
(4, 'Et', 'Rerum et nostrum repellat cupiditate laboriosam sequi dolorem dolores eos dolorem.', NULL, '2018-08-20 22:41:02', '2018-08-20 22:41:02'),
(5, 'Soluta', 'A excepturi illo qui quibusdam quia saepe rerum culpa ab recusandae.', NULL, '2018-08-20 22:41:02', '2018-08-20 22:41:02');

-- --------------------------------------------------------

--
-- Estructura de tabla para la tabla `migrations`
--

CREATE TABLE `migrations` (
  `id` int(10) UNSIGNED NOT NULL,
  `migration` varchar(191) COLLATE utf8mb4_unicode_ci NOT NULL,
  `batch` int(11) NOT NULL
) ENGINE=InnoDB DEFAULT CHARSET=utf8mb4 COLLATE=utf8mb4_unicode_ci;

--
-- Volcado de datos para la tabla `migrations`
--

INSERT INTO `migrations` (`id`, `migration`, `batch`) VALUES
(34, '2014_10_12_000000_create_users_table', 1),
(35, '2014_10_12_100000_create_password_resets_table', 1),
(36, '2018_08_06_021833_create_categories_table', 1),
(37, '2018_08_06_023559_create_products_table', 1),
(38, '2018_08_19_235356_create_product_images_table', 1);

-- --------------------------------------------------------

--
-- Estructura de tabla para la tabla `password_resets`
--

CREATE TABLE `password_resets` (
  `email` varchar(191) COLLATE utf8mb4_unicode_ci NOT NULL,
  `token` varchar(191) COLLATE utf8mb4_unicode_ci NOT NULL,
  `created_at` timestamp NULL DEFAULT NULL
) ENGINE=InnoDB DEFAULT CHARSET=utf8mb4 COLLATE=utf8mb4_unicode_ci;

-- --------------------------------------------------------

--
-- Estructura de tabla para la tabla `products`
--

CREATE TABLE `products` (
  `id` int(10) UNSIGNED NOT NULL,
  `name` varchar(191) COLLATE utf8mb4_unicode_ci NOT NULL,
  `description` varchar(191) COLLATE utf8mb4_unicode_ci NOT NULL,
  `long_description` text COLLATE utf8mb4_unicode_ci,
  `price` double(8,2) NOT NULL,
  `category_id` int(10) UNSIGNED DEFAULT NULL,
  `created_at` timestamp NULL DEFAULT NULL,
  `updated_at` timestamp NULL DEFAULT NULL
) ENGINE=InnoDB DEFAULT CHARSET=utf8mb4 COLLATE=utf8mb4_unicode_ci;

--
-- Volcado de datos para la tabla `products`
--

INSERT INTO `products` (`id`, `name`, `description`, `long_description`, `price`, `category_id`, `created_at`, `updated_at`) VALUES
(1, 'Non quibusdam atque perspiciatis', 'Natus doloremque et sit dolorem rerum voluptas.', 'Quo aliquam error ea a ullam eos ex. Est aut et illum nesciunt. Perspiciatis maxime illo inventore necessitatibus. Corporis nostrum doloribus dicta vel possimus sit ut.', 146.18, 1, '2018-08-20 22:41:02', '2018-08-20 22:41:02'),
(2, 'Unde eius ipsum in', 'Qui similique blanditiis quasi ut id corrupti blanditiis eum culpa dolor.', 'Explicabo deserunt unde explicabo non quia. Commodi in ut veritatis in aperiam corrupti magni. Vel eligendi ratione eveniet possimus impedit ipsum impedit.', 96.28, 1, '2018-08-20 22:41:02', '2018-08-20 22:41:02'),
(3, 'Magni facere perferendis', 'Beatae vitae sequi necessitatibus perspiciatis voluptatum non velit aut aut quibusdam iure nulla.', 'Sapiente itaque nihil dolores quis officiis. In aliquam est voluptatem officia vel. Optio quisquam neque omnis ut eius cumque delectus.', 12.09, 1, '2018-08-20 22:41:02', '2018-08-20 22:41:02'),
(4, 'Natus expedita ab', 'Fugit occaecati fuga maiores voluptas libero commodi veniam.', 'Id aut enim dolorem sed. Vitae et blanditiis magni sit fugiat molestiae. Mollitia deserunt ut perferendis et rerum quisquam itaque totam.', 130.86, 1, '2018-08-20 22:41:02', '2018-08-20 22:41:02'),
(5, 'Vel ducimus voluptatem soluta fugit', 'Et facilis minima ipsum incidunt quis et provident voluptate enim est sit omnis et.', 'Blanditiis officia minus consectetur. Repellendus quod ut expedita culpa quae. Non perferendis molestias est est quia molestias ipsam ex. Autem doloremque deleniti aliquam quas nemo asperiores alias.', 41.93, 1, '2018-08-20 22:41:02', '2018-08-20 22:41:02'),
(6, 'Est vero eligendi similique', 'Pariatur quasi voluptate enim autem consequatur aut aut eos cupiditate esse repellendus mollitia sequi.', 'Magnam modi repudiandae tempore fugiat explicabo ipsum repellat. Repudiandae ipsum vel voluptatum error veritatis sint quas. Quia iste ut eum. Facilis et labore dolor minus sed sit sed omnis.', 53.67, 1, '2018-08-20 22:41:02', '2018-08-20 22:41:02'),
(7, 'Ducimus cum', 'Asperiores officiis quis eum rem error in iusto autem officia.', 'Et consequatur qui sequi eum vero. In iure fuga eos aut tempore aliquam maiores. A dignissimos consequatur dolor ex non dolor rem. Et consectetur quisquam odit animi aut et.', 77.08, 1, '2018-08-20 22:41:02', '2018-08-20 22:41:02'),
(8, 'Unde facere enim', 'Et eum harum sit odio a deleniti nesciunt autem fugiat quos velit sunt.', 'Quos nostrum quae esse tempora excepturi. Assumenda quam maxime maxime omnis reprehenderit eius.', 56.36, 1, '2018-08-20 22:41:02', '2018-08-20 22:41:02'),
(9, 'Quisquam libero esse soluta', 'Animi itaque praesentium dolorem qui ea aut qui quia unde dicta impedit et.', 'Vero dolores eligendi quia eos et. Saepe vitae unde dolorem in est hic ipsa minus. Corporis neque vitae a eligendi.', 129.06, 1, '2018-08-20 22:41:02', '2018-08-20 22:41:02'),
(10, 'Sed quas et', 'Nobis ut cum sed voluptatibus vel perferendis totam minus qui.', 'Asperiores nihil expedita quia tenetur iure ab. Eum veniam minima incidunt. Aut aut voluptatem perspiciatis ducimus doloremque modi voluptatibus nulla.', 115.37, 1, '2018-08-20 22:41:02', '2018-08-20 22:41:02'),
(11, 'Adipisci reiciendis et', 'Ex quidem necessitatibus illum adipisci eveniet assumenda qui quaerat ut deleniti.', 'Qui et ut autem corporis. Enim et aut necessitatibus atque. Nobis sed voluptates necessitatibus ut. Et optio et consequuntur ducimus.', 45.79, 1, '2018-08-20 22:41:02', '2018-08-20 22:41:02'),
(12, 'Nihil ut et iusto', 'Magni ea exercitationem voluptatem velit dolorum magni quisquam eaque eligendi voluptatum sint quas rem.', 'Nihil molestias libero illo sapiente accusantium. Dolorum quia alias velit similique. Eius ducimus perspiciatis enim quibusdam mollitia quod ut. Tempora perferendis vel ut ex.', 58.54, 1, '2018-08-20 22:41:02', '2018-08-20 22:41:02'),
(13, 'Quia nihil dolores ut', 'Doloribus quia sint similique assumenda aut laborum officia.', 'Fuga placeat sed eaque eveniet ipsam placeat quia. Omnis unde autem suscipit vitae. Dolorum facere ullam quibusdam fuga nisi aut.', 100.12, 1, '2018-08-20 22:41:02', '2018-08-20 22:41:02'),
(14, 'Laborum mollitia beatae et', 'Ad quas quae quae enim quia occaecati.', 'Pariatur nesciunt quia nam sed. Consequatur facilis voluptatem consequatur eaque. Iste ea quam qui dignissimos exercitationem.', 5.77, 1, '2018-08-20 22:41:02', '2018-08-20 22:41:02'),
(15, 'Officiis sit iusto', 'Tenetur cum vero rerum sed id est possimus commodi fugiat et.', 'Praesentium officiis vero expedita. Omnis sed molestias nulla qui rerum. Velit enim est fugit harum.', 17.78, 1, '2018-08-20 22:41:02', '2018-08-20 22:41:02'),
(16, 'Voluptates quisquam sapiente', 'Suscipit unde facere voluptatibus dolore facilis nihil dolor qui molestiae laboriosam nobis expedita.', 'Deserunt alias dignissimos sed distinctio odio enim. Nesciunt necessitatibus voluptas error totam. Voluptatem quia nulla aliquam ut. Iste voluptas suscipit corrupti cumque vel quia placeat minima.', 134.54, 1, '2018-08-20 22:41:02', '2018-08-20 22:41:02'),
(17, 'Consectetur asperiores non quaerat', 'Maxime consequatur amet sint mollitia possimus tempore est tempore eum.', 'Voluptatem odit itaque enim. Ducimus a itaque sint sunt ut dicta. Rerum nobis ea rerum aspernatur sequi ea voluptas quod.', 64.26, 1, '2018-08-20 22:41:02', '2018-08-20 22:41:02'),
(18, 'Rerum rem autem pariatur', 'Aperiam doloremque molestias qui esse non temporibus repellat et voluptatem minima praesentium.', 'Qui suscipit dolor rerum at expedita enim labore. Rerum et occaecati sapiente vero perspiciatis et est commodi. Similique et qui aliquam et.', 98.78, 1, '2018-08-20 22:41:02', '2018-08-20 22:41:02'),
(19, 'Magni animi incidunt numquam', 'Quia qui veritatis facere provident similique voluptate.', 'Impedit iure recusandae magni. Asperiores modi voluptatem quia eveniet consequatur. Autem nostrum unde qui. Qui exercitationem voluptas accusantium et repellendus molestiae ipsum.', 9.66, 1, '2018-08-20 22:41:02', '2018-08-20 22:41:02'),
(20, 'Est nesciunt et iusto fuga', 'Voluptatem repudiandae corrupti natus dolores esse iste voluptas harum culpa necessitatibus beatae pariatur quis.', 'Odit atque ut vel dolor distinctio asperiores. Ut laudantium vitae tenetur possimus tempora. Deserunt omnis quisquam et eum. Omnis animi voluptatem mollitia repudiandae minus et.', 38.51, 1, '2018-08-20 22:41:02', '2018-08-20 22:41:02'),
(21, 'Odio voluptatem nemo quo', 'In harum et sequi pariatur vel doloribus ut incidunt.', 'Rerum sequi hic voluptas perspiciatis ut sit et doloribus. Sequi harum molestiae et dolorum. Architecto et ut itaque nobis. Et asperiores nesciunt doloremque atque recusandae.', 49.89, 2, '2018-08-20 22:41:03', '2018-08-20 22:41:03'),
(22, 'Labore amet suscipit eos', 'Est illo laborum veritatis consequatur molestias dolor laborum cum fugit.', 'Iure aut sit voluptatem officia ut tenetur harum. Est expedita aliquam fuga et id vitae. Laborum saepe quasi velit facere laborum magni eligendi. Minima quo fuga laudantium et deserunt voluptatem.', 107.40, 2, '2018-08-20 22:41:03', '2018-08-20 22:41:03'),
(23, 'Cupiditate odio voluptatem in', 'Laboriosam magnam debitis facere minima ut optio corrupti.', 'Similique libero soluta praesentium aliquam enim. Itaque voluptas amet sed porro voluptas. Nam est et at fuga nisi.', 36.96, 2, '2018-08-20 22:41:03', '2018-08-20 22:41:03'),
(24, 'Nulla dignissimos alias tempora impedit', 'Aut modi sit sapiente ut voluptatum ad quos recusandae dicta incidunt quisquam dolorem sunt quos.', 'Perferendis ut iure vel blanditiis earum. Mollitia amet dolore eius sed esse beatae odio. Id magnam sed ex modi vel adipisci et animi.', 99.37, 2, '2018-08-20 22:41:03', '2018-08-20 22:41:03'),
(25, 'Et culpa aut', 'Ratione id ea numquam numquam ullam est fugiat magni.', 'Ut voluptatem modi at non aut voluptatibus. Ut repellat perspiciatis officiis sequi.', 92.14, 2, '2018-08-20 22:41:03', '2018-08-20 22:41:03'),
(26, 'Aut delectus unde enim', 'Eos quasi quaerat temporibus sunt quae ratione at repellat.', 'Nihil rerum maxime aut qui. Molestiae molestias beatae reprehenderit vel quod voluptatum totam. Consequuntur quia et rem laudantium.', 108.61, 2, '2018-08-20 22:41:03', '2018-08-20 22:41:03'),
(27, 'Dolorum maiores nemo quae doloremque', 'Id voluptatem cupiditate dolorum vel vel incidunt quis.', 'Porro et dolor totam pariatur qui velit. Et sit sunt quia qui numquam nesciunt omnis.', 87.18, 2, '2018-08-20 22:41:03', '2018-08-20 22:41:03'),
(28, 'Eum repudiandae cupiditate et', 'Deserunt corrupti hic aliquid nobis atque corrupti nulla magni et velit vel dolore.', 'Sit quaerat enim consequatur tenetur. Mollitia rerum quos sint possimus a. Dolorum voluptates dolore et voluptatibus inventore.', 15.45, 2, '2018-08-20 22:41:03', '2018-08-20 22:41:03'),
(29, 'Omnis error magnam minus', 'Ut ipsam voluptas omnis earum eius ullam voluptas ad nisi repellat.', 'Sunt consequuntur velit in adipisci ab consectetur adipisci. Soluta atque cum ad dolorum. Suscipit et fugit nam corporis assumenda est. Atque porro vel quis rerum minima maxime ut.', 142.60, 2, '2018-08-20 22:41:03', '2018-08-20 22:41:03'),
(30, 'Deleniti et et', 'Sed aut distinctio ipsa et fugiat voluptatem in quam qui aut aliquid.', 'Modi reiciendis quia reiciendis nihil labore consequatur voluptatem. Porro illum natus inventore non. Sit natus labore beatae dolorum necessitatibus.', 49.92, 2, '2018-08-20 22:41:03', '2018-08-20 22:41:03'),
(31, 'Optio eos natus eius omnis', 'Provident neque enim placeat quas consequatur voluptas facere.', 'Fugiat sit voluptatem voluptas corrupti sunt eaque. Et fugit id enim doloribus nulla est ea. Dolor soluta et qui magni.', 92.32, 2, '2018-08-20 22:41:03', '2018-08-20 22:41:03'),
(32, 'Repudiandae et molestiae hic', 'Qui voluptatum deleniti enim sit debitis harum soluta recusandae nobis.', 'Eligendi nam ut nihil voluptatem excepturi natus. Voluptas modi illo voluptatem quidem tenetur eligendi et hic. Perferendis repellendus aliquid quod animi laborum facere.', 115.87, 2, '2018-08-20 22:41:03', '2018-08-20 22:41:03'),
(33, 'Pariatur necessitatibus voluptatem', 'Aut sapiente ullam et voluptas ex eaque et.', 'Dolores aut ea quia. Expedita omnis fugiat quia quisquam voluptate sunt. Cum hic magnam voluptatum odit labore porro. In eos labore et et. Amet repellendus distinctio consequatur quis ut est.', 145.47, 2, '2018-08-20 22:41:03', '2018-08-20 22:41:03'),
(34, 'Sed omnis aut pariatur', 'Nostrum est nostrum fuga saepe labore numquam ut impedit.', 'Accusamus et rerum asperiores harum. Libero similique esse magni. Placeat enim nihil ipsum qui.', 28.51, 2, '2018-08-20 22:41:03', '2018-08-20 22:41:03'),
(35, 'Modi repellat sint', 'Dolorum error nihil quia molestiae ducimus nisi iste rem ut et est quia.', 'Qui in voluptas rerum dolores. Voluptas quod quas consequuntur voluptas. Beatae non harum animi velit incidunt dolorem. Nostrum cumque ipsa sapiente qui.', 142.34, 2, '2018-08-20 22:41:03', '2018-08-20 22:41:03'),
(36, 'Aut et et quia quia', 'Neque perferendis reiciendis ut itaque maxime et eum iste minima nam quam quibusdam molestiae.', 'A temporibus quia aut laudantium quis quo dolore qui. Saepe iste rerum accusantium accusamus voluptas tenetur. Quis eum qui iure.', 119.60, 2, '2018-08-20 22:41:03', '2018-08-20 22:41:03'),
(37, 'Et voluptatum sed dolor', 'Dolor voluptatem perspiciatis incidunt consequatur repellendus qui corporis nam minus vitae dolor.', 'Veritatis reprehenderit et et veniam sit ut. Molestiae ut nesciunt et. Voluptate deleniti blanditiis laborum numquam quia.', 78.11, 2, '2018-08-20 22:41:03', '2018-08-20 22:41:03'),
(38, 'Et exercitationem voluptate aliquam', 'Molestiae corrupti quo odit quo quia quasi repellendus qui sunt accusamus.', 'Illum occaecati est aut. Laborum libero earum vitae et qui. Sunt voluptas non dolor debitis optio veniam. Perferendis et consequatur magnam vel atque quidem ut.', 119.43, 2, '2018-08-20 22:41:03', '2018-08-20 22:41:03'),
(39, 'Omnis sint consequatur', 'Sit voluptatibus pariatur perspiciatis molestias accusantium molestiae assumenda ut et.', 'Est veniam facilis voluptatem blanditiis. Sit impedit suscipit aut. Ut pariatur aperiam neque voluptatum pariatur. Doloribus reiciendis quibusdam aut velit distinctio et.', 45.81, 2, '2018-08-20 22:41:03', '2018-08-20 22:41:03'),
(40, 'Consequatur eligendi laudantium sint', 'Necessitatibus deleniti nam labore natus quam molestias et tempore.', 'Quibusdam ea doloremque earum itaque eum mollitia. Placeat commodi voluptatem voluptatem itaque voluptatem quibusdam qui. Aperiam perferendis beatae reprehenderit.', 143.24, 2, '2018-08-20 22:41:03', '2018-08-20 22:41:03'),
(41, 'Ut necessitatibus id est', 'Necessitatibus qui vitae numquam optio voluptas tenetur consequatur eum error eaque vel recusandae odio.', 'Rem iste enim quas et pariatur similique. Atque omnis fugiat velit est velit iusto atque. Non cumque dolor tempore et deleniti earum. Neque laboriosam ipsam ex sit.', 62.42, 3, '2018-08-20 22:41:03', '2018-08-20 22:41:03'),
(42, 'Quasi omnis non', 'Qui in harum laborum ut et qui enim eligendi aut aut labore mollitia perferendis est.', 'Illo dolorem magnam architecto unde. Et modi excepturi et facilis rerum veritatis autem. Totam voluptate laborum voluptatum aut consequatur quis adipisci. Velit magni dignissimos quod.', 70.40, 3, '2018-08-20 22:41:03', '2018-08-20 22:41:03'),
(43, 'Nam aspernatur amet', 'Error sequi aut sed nemo sed repellendus beatae odit explicabo alias qui.', 'Dignissimos alias aspernatur dolores inventore quos provident soluta. Voluptatem quam hic dolor repudiandae. Est quidem blanditiis est quae.', 117.53, 3, '2018-08-20 22:41:03', '2018-08-20 22:41:03'),
(44, 'Sapiente a nulla sapiente', 'Ut odit temporibus repellat quae laboriosam quas suscipit unde.', 'Culpa neque ipsum voluptatem provident est alias perspiciatis. Vel ut ex sit est cumque. Et ut consequatur dolore asperiores.', 102.98, 3, '2018-08-20 22:41:03', '2018-08-20 22:41:03'),
(45, 'Ea libero a natus', 'Tempore similique dolor velit et et et ipsum tempore doloremque possimus laboriosam.', 'Quam est facilis voluptatem ut eos in. Atque et iusto sequi assumenda. Praesentium velit aspernatur commodi aspernatur aperiam id voluptatibus. Consequatur laboriosam est placeat est.', 91.73, 3, '2018-08-20 22:41:03', '2018-08-20 22:41:03'),
(46, 'Quis est ea laudantium', 'Aperiam saepe corrupti voluptatem assumenda explicabo sed ratione maiores dicta omnis quisquam dolore.', 'Sit occaecati dolor velit voluptatibus quia id voluptate. Quod et est totam. Deleniti laborum a id repudiandae voluptatem maiores voluptatum.', 143.25, 3, '2018-08-20 22:41:03', '2018-08-20 22:41:03'),
(47, 'Id qui alias quisquam quas', 'Molestias impedit quis minima minus a nihil.', 'Vel ipsam aut et ut asperiores culpa expedita. Facere nobis in beatae laborum. Sequi in cumque odit qui mollitia.', 52.64, 3, '2018-08-20 22:41:03', '2018-08-20 22:41:03'),
(48, 'Nihil qui consequatur magnam', 'Numquam ab sed doloremque quia error laborum ex eaque sed.', 'Aut cupiditate sit voluptatibus eligendi rerum. Nihil eius non ut modi modi molestiae perspiciatis. Atque voluptatem ut est iure est non excepturi.', 52.68, 3, '2018-08-20 22:41:03', '2018-08-20 22:41:03'),
(49, 'Dolores rem et', 'Voluptatem enim molestias dolorem cupiditate aut et reiciendis sed aspernatur eos commodi non.', 'Qui provident quia molestias vero. Excepturi optio facere ea voluptatem ut. Nisi sapiente sequi ut quisquam eos. Deleniti veniam illum blanditiis sit vitae et vel.', 28.06, 3, '2018-08-20 22:41:03', '2018-08-20 22:41:03'),
(50, 'Voluptas dolore voluptatum', 'Tempore nam tempora commodi est qui aliquid cumque velit nemo voluptas ab suscipit ipsam.', 'Nam accusamus vero quo quam voluptates a ut est. Voluptatem enim provident quasi repellat qui praesentium magnam. Omnis facilis qui tempore at eos.', 127.46, 3, '2018-08-20 22:41:03', '2018-08-20 22:41:03'),
(51, 'Debitis officiis', 'Nam nobis alias molestias eos qui nulla asperiores rerum.', 'Et quia animi iusto autem explicabo. Dolorem molestias ut sed ratione. Qui quos iusto dignissimos non delectus possimus eius est. Similique optio qui a facilis.', 131.72, 3, '2018-08-20 22:41:03', '2018-08-20 22:41:03'),
(52, 'Mollitia perspiciatis sunt vitae', 'Quo quaerat alias et praesentium laudantium laborum eos quia in esse repellendus et harum.', 'Recusandae corporis dignissimos ducimus ut quis ducimus. Sunt beatae asperiores omnis sapiente accusantium consequatur numquam. Repudiandae aliquid quia sunt esse vel molestiae aut.', 77.16, 3, '2018-08-20 22:41:03', '2018-08-20 22:41:03'),
(53, 'Consequatur quia nulla dolorem', 'Consequatur nemo et minus blanditiis similique totam non doloribus amet consequatur fuga et.', 'Enim harum a vel a quaerat et. Exercitationem eaque dolorum ratione. Quia ducimus enim quia rerum atque.', 105.57, 3, '2018-08-20 22:41:03', '2018-08-20 22:41:03'),
(54, 'Ut voluptatem dolor magnam', 'Totam nihil debitis nesciunt voluptas sit ut tenetur vitae labore odio repudiandae hic optio.', 'Maxime est nesciunt soluta est officiis eos. Et nulla quia voluptas. Ratione dolorum consequatur dolor officia ab. At excepturi fugiat ratione omnis nesciunt.', 101.76, 3, '2018-08-20 22:41:03', '2018-08-20 22:41:03'),
(55, 'Qui quibusdam qui nihil', 'Temporibus dignissimos eum provident quia eum voluptate ut.', 'Qui dolor culpa sint est in non et. Odit omnis hic beatae dolore odit asperiores. Delectus ab veritatis commodi dolorem. Voluptas et magni voluptatem quae similique.', 30.10, 3, '2018-08-20 22:41:03', '2018-08-20 22:41:03'),
(56, 'Expedita occaecati provident qui', 'Enim error qui et eius autem accusamus architecto sunt.', 'Odio et animi ad consequatur qui cum. Iure amet provident ad. Quam tempore quia aut et error dolorem et. Ipsa perferendis at omnis sapiente saepe. Odio sit voluptas ad tempore et quaerat.', 9.61, 3, '2018-08-20 22:41:03', '2018-08-20 22:41:03'),
(57, 'Ea qui id', 'Quo in laborum quia eius qui itaque ea exercitationem saepe.', 'Ea aperiam asperiores quibusdam consequatur. Dolor velit dolore consequatur vero rem fugiat. Aut nesciunt aut nisi necessitatibus. Dolore illum saepe corporis ipsa est veritatis.', 113.61, 3, '2018-08-20 22:41:03', '2018-08-20 22:41:03'),
(58, 'Enim excepturi ab non', 'Ut et impedit hic qui sequi necessitatibus culpa sunt quia nisi repudiandae nulla placeat.', 'Deserunt quo aspernatur quis magnam molestiae quaerat enim. Autem reiciendis voluptatem nihil sed. Laborum adipisci aliquam numquam est rerum beatae modi.', 86.70, 3, '2018-08-20 22:41:03', '2018-08-20 22:41:03'),
(59, 'Iste iure nulla sit', 'Aut ex perspiciatis et sunt mollitia nihil ullam qui et corporis iure.', 'Provident et modi fugiat voluptatem. Eos et dignissimos et est deleniti. Soluta quaerat et doloremque voluptatum praesentium omnis. Quia sunt ipsa voluptatem sed.', 114.21, 3, '2018-08-20 22:41:03', '2018-08-20 22:41:03'),
(60, 'Doloribus fugiat eos possimus', 'Ut atque maxime ut inventore eos delectus vitae assumenda.', 'Autem dignissimos temporibus fugit ipsa tempora autem. Placeat explicabo quis nemo harum et sed. Voluptas debitis quidem natus aut amet provident velit.', 88.91, 3, '2018-08-20 22:41:03', '2018-08-20 22:41:03'),
(61, 'Ut nihil excepturi', 'Quasi excepturi voluptatem deleniti aut est minus accusantium velit harum voluptas voluptates dolor assumenda.', 'Et molestias voluptates voluptatem magni voluptatem natus voluptas. Recusandae et ut delectus odio et nihil. Itaque quaerat sequi ut quo similique.', 92.99, 4, '2018-08-20 22:41:04', '2018-08-20 22:41:04'),
(62, 'Officia autem ipsum quam', 'Aspernatur quia debitis velit aut voluptas assumenda repellendus laudantium provident qui itaque.', 'Et ut rerum hic enim sit. Nobis voluptas qui iure dolore. Iste nulla natus provident facere sit id blanditiis. Tenetur reiciendis omnis recusandae dolorem odit impedit explicabo.', 119.93, 4, '2018-08-20 22:41:04', '2018-08-20 22:41:04'),
(63, 'Et voluptas earum omnis', 'Voluptatem suscipit modi quis vero nostrum voluptate amet quas numquam non sunt.', 'Non nihil animi quisquam est. Est deserunt dolores magnam occaecati suscipit facilis. Rerum minus ut quasi assumenda voluptatem odio. Sequi dolorem iure eos repudiandae deserunt laboriosam est.', 56.55, 4, '2018-08-20 22:41:04', '2018-08-20 22:41:04'),
(64, 'Quo odit sed earum', 'Voluptates qui dolores officia earum dolores sit nam ut quo.', 'Consequatur accusamus est sit et. Labore et alias sed non explicabo iure. Sit vel esse rerum quia eos qui magni veniam. Aut eos ut nisi alias ipsa assumenda iure.', 5.67, 4, '2018-08-20 22:41:04', '2018-08-20 22:41:04'),
(65, 'At molestiae dolore', 'Suscipit sint dolor tempora consequatur molestiae et eius rerum est.', 'Sit iusto rerum autem sint sit. Molestias et odit magnam delectus voluptatem atque aut. Facilis assumenda tenetur illum vitae eum architecto.', 108.94, 4, '2018-08-20 22:41:04', '2018-08-20 22:41:04'),
(66, 'Laboriosam maxime', 'Accusantium autem velit voluptatum ut et tempore atque et laudantium voluptatem quidem adipisci provident.', 'Dignissimos et optio aut et. Quae et voluptatem quia sed nihil itaque dolorem. Est est et ut fuga provident.', 84.75, 4, '2018-08-20 22:41:04', '2018-08-20 22:41:04'),
(67, 'Laboriosam animi facilis', 'Cupiditate minima officiis ut quisquam corrupti et.', 'Ducimus repellendus quis quaerat pariatur ducimus error praesentium. Optio nostrum sint culpa voluptatem quo. Unde et iste quidem repellat aut debitis quod. Laboriosam repellat qui est.', 29.72, 4, '2018-08-20 22:41:04', '2018-08-20 22:41:04'),
(68, 'Et voluptate commodi', 'Et non suscipit libero dolores nostrum mollitia repudiandae provident inventore eveniet qui omnis.', 'Officiis dolores iure molestias commodi voluptatibus. Animi illo tempora laborum quis. Repellendus repellat distinctio est tempore officiis.', 12.52, 4, '2018-08-20 22:41:04', '2018-08-20 22:41:04'),
(69, 'Ea nulla', 'Laboriosam ad enim velit nihil distinctio est est sit qui rerum sed officia.', 'Itaque aut minus debitis aut fugit. Consequatur et inventore animi.', 100.69, 4, '2018-08-20 22:41:04', '2018-08-20 22:41:04'),
(70, 'Culpa ad vero', 'Aliquid mollitia in sapiente nihil quam quis natus et deserunt est.', 'Laudantium sunt doloribus voluptates rem voluptatem iure officia neque. Consequatur deserunt natus libero eveniet voluptatum numquam quasi. Repudiandae eum sed ut quisquam eos.', 25.18, 4, '2018-08-20 22:41:04', '2018-08-20 22:41:04'),
(71, 'Voluptatem saepe excepturi possimus', 'Aspernatur veniam eius voluptates nihil corporis impedit cum facere.', 'Incidunt dolorem velit dolorem unde. Occaecati quasi facilis maiores et. Qui pariatur voluptatem est quisquam.', 126.10, 4, '2018-08-20 22:41:04', '2018-08-20 22:41:04'),
(72, 'Quos reprehenderit qui', 'Eos nemo rerum iusto fuga eos blanditiis quis id eligendi sit sint autem iste.', 'Ipsam repellat eos quibusdam aliquam. Et ut explicabo cum incidunt. Aut et voluptatem unde aspernatur. Libero tempora fuga excepturi autem ipsum doloribus eaque.', 140.46, 4, '2018-08-20 22:41:04', '2018-08-20 22:41:04'),
(73, 'Eaque laudantium asperiores', 'Quas dolorum molestiae recusandae consequatur facere sunt quasi deleniti et nobis explicabo.', 'Facere fugiat fugit velit omnis. Omnis ad sit tenetur dicta quia consectetur repellendus. Asperiores eveniet nulla vel illum est qui. Quaerat aut animi porro perferendis omnis sed aut molestiae.', 92.67, 4, '2018-08-20 22:41:04', '2018-08-20 22:41:04'),
(74, 'Illum ut qui tempora', 'Ut ut quibusdam error soluta dicta fugiat delectus quod atque.', 'Ut non iste est. Velit excepturi ut eaque ex. Reiciendis maiores dicta consequuntur impedit voluptatem.', 116.41, 4, '2018-08-20 22:41:04', '2018-08-20 22:41:04'),
(75, 'Ad doloremque', 'Quasi quia suscipit aspernatur omnis fugiat sed dolorem vel sequi.', 'Rerum at incidunt at in maiores. Rerum pariatur voluptatibus vero voluptatum. Corporis excepturi eum nulla incidunt voluptatem aut.', 20.11, 4, '2018-08-20 22:41:04', '2018-08-20 22:41:04'),
(76, 'Aut incidunt neque aut', 'Maiores quod delectus voluptas itaque maiores illo quos natus sint asperiores sunt hic.', 'Eius ad quam amet praesentium quos nam provident. Soluta aut ea et illum. Dolorem et inventore repellendus omnis.', 118.57, 4, '2018-08-20 22:41:04', '2018-08-20 22:41:04'),
(77, 'Non eos iure', 'Vel dolor doloribus quos deserunt quasi illum ullam autem reprehenderit aut pariatur a.', 'Animi accusantium odit officia aut porro. Recusandae nobis minima ut corporis. Ipsum fugiat cupiditate autem delectus quibusdam similique.', 111.83, 4, '2018-08-20 22:41:04', '2018-08-20 22:41:04'),
(78, 'Qui fugit', 'Amet doloribus magni deleniti explicabo voluptatem inventore harum fugiat aut consequatur.', 'Ex amet quia quaerat maxime quia. Eveniet ut aperiam ipsam ullam aspernatur. Vel aliquam quidem quo laudantium et soluta eaque. Non dolorem vitae qui sed labore accusamus molestias.', 126.79, 4, '2018-08-20 22:41:04', '2018-08-20 22:41:04'),
(79, 'Numquam perspiciatis quos dolor', 'Cupiditate dolores qui accusantium et officia et sed occaecati excepturi.', 'Velit ipsum eos et ut rerum aut temporibus. Nemo voluptate fugit officiis. Quisquam cupiditate fugiat ut cum aliquid eveniet.', 77.64, 4, '2018-08-20 22:41:04', '2018-08-20 22:41:04'),
(80, 'Assumenda aut tenetur', 'Quis accusamus praesentium autem in sit qui adipisci nostrum ut velit.', 'Reiciendis reiciendis tempore harum et placeat adipisci rerum. Facere fugiat non et officia aut. Quasi numquam ipsa iusto officiis sint eos.', 81.28, 4, '2018-08-20 22:41:04', '2018-08-20 22:41:04'),
(81, 'Ut necessitatibus assumenda et et', 'Atque quaerat enim rerum sint eligendi nemo autem minus aut eos eligendi.', 'Accusamus et expedita dolorem sint voluptatem omnis consectetur enim. Illo impedit itaque consequatur occaecati tempora consequuntur voluptatem. Ullam voluptatem et sequi.', 63.85, 5, '2018-08-20 22:41:04', '2018-08-20 22:41:04'),
(82, 'Unde omnis quia', 'In occaecati rem at assumenda error qui quo rerum non eos quis a.', 'Perspiciatis repellendus accusantium omnis minus ut dolorum aspernatur. Sunt minima omnis aut. Sit saepe dolor minima voluptas nam. Consequuntur quisquam illum sequi.', 149.99, 5, '2018-08-20 22:41:04', '2018-08-20 22:41:04'),
(83, 'Incidunt perspiciatis quis', 'Possimus eaque sed eius cum mollitia et eos odio ut.', 'Odit ipsam in vel reiciendis asperiores perferendis. Sapiente laboriosam consequuntur non. Est laborum non aut omnis et.', 39.84, 5, '2018-08-20 22:41:04', '2018-08-20 22:41:04'),
(84, 'Illo voluptas enim doloribus quam', 'Est id sunt aut ipsa consequuntur qui architecto doloribus ipsum ea voluptate cumque et.', 'Aut quas fugit debitis officia. Et provident fuga veritatis et quia dolor. Nisi molestias consequatur nam laudantium. Recusandae delectus ipsam pariatur omnis eum soluta odit.', 88.09, 5, '2018-08-20 22:41:04', '2018-08-20 22:41:04'),
(85, 'Ab sint sit reprehenderit', 'Eum eos dolor earum ex sit illum qui repellat voluptas.', 'Asperiores aut excepturi nisi doloremque est. Voluptas quisquam aut voluptate sed inventore totam. Aut dolores et odit corrupti neque laboriosam iste.', 80.02, 5, '2018-08-20 22:41:04', '2018-08-20 22:41:04'),
(86, 'Odit voluptatem velit', 'Sequi et iusto earum voluptas voluptatibus iure quisquam facilis.', 'Aut quia quia magni autem. Quae est dolorem et quia aspernatur eveniet consequatur. Eum illum quo exercitationem. Praesentium omnis autem voluptate dolorem. Soluta in saepe repellat saepe aut.', 24.04, 5, '2018-08-20 22:41:04', '2018-08-20 22:41:04'),
(87, 'Quam atque tempora vel', 'Omnis cum ut dolores sit earum ut.', 'Molestiae ab rerum et cumque quam sunt. Id explicabo aut consequatur magni. Autem velit quis suscipit aliquam porro. Nemo deleniti autem at architecto sit quidem.', 79.16, 5, '2018-08-20 22:41:04', '2018-08-20 22:41:04'),
(88, 'Maxime debitis illo in', 'Fugiat enim tempora voluptas enim enim quis id dignissimos ratione architecto atque fuga.', 'Voluptas illum accusamus dicta aliquam sunt. Eveniet harum et cum at sed amet ut.', 140.00, 5, '2018-08-20 22:41:04', '2018-08-20 22:41:04'),
(89, 'Assumenda sint dignissimos', 'Et aut asperiores voluptatum sunt veniam et.', 'Sequi a natus voluptatum consequatur. Voluptas dolore odio est blanditiis. Inventore iusto modi nobis. Porro sed numquam quam qui.', 57.33, 5, '2018-08-20 22:41:04', '2018-08-20 22:41:04'),
(90, 'Qui voluptate adipisci nobis', 'Doloremque omnis dolore aperiam voluptatem libero facere placeat neque omnis in eos odio.', 'Soluta numquam et facilis voluptas quia voluptatum veniam consequatur. Temporibus qui quos molestiae non vitae. Eos quod dolor est deleniti officiis.', 97.23, 5, '2018-08-20 22:41:04', '2018-08-20 22:41:04'),
(91, 'Esse eveniet nihil', 'Recusandae libero provident consequatur dolorum libero dolorem qui nihil et quia omnis.', 'Doloribus inventore amet consectetur eum expedita et nesciunt. Similique architecto id numquam facere possimus suscipit fuga repellendus. Dolor non omnis suscipit sit.', 65.86, 5, '2018-08-20 22:41:04', '2018-08-20 22:41:04'),
(92, 'Et ut incidunt', 'Sunt et tenetur veritatis numquam quia voluptas.', 'Deleniti natus omnis accusamus eos. Nam incidunt eveniet dicta nihil dolorem velit consequatur. Quaerat qui cumque laborum et reprehenderit.', 11.99, 5, '2018-08-20 22:41:04', '2018-08-20 22:41:04'),
(93, 'Molestias quia mollitia et', 'Ducimus qui eveniet vel harum et odit.', 'Non hic provident eum aut labore. Laboriosam necessitatibus iste voluptas qui voluptate. Minima occaecati et cupiditate. Ipsum sed et saepe non aliquid nulla fugit.', 81.28, 5, '2018-08-20 22:41:04', '2018-08-20 22:41:04'),
(94, 'Sapiente molestiae dolorem eius quibusdam', 'Debitis officia modi quibusdam eveniet dolorum mollitia ea temporibus suscipit.', 'In quia provident earum. Harum qui delectus illo totam aut. Fuga temporibus dolorem assumenda aut. Eum ut ab odio amet quisquam eveniet.', 23.99, 5, '2018-08-20 22:41:04', '2018-08-20 22:41:04'),
(95, 'Ipsa repudiandae vitae amet', 'Eos fugiat ut sit numquam corporis tempora porro animi.', 'Qui commodi quia sit soluta officiis quo et quia. Quibusdam quam sed eum. Consequuntur nihil est tempora illo qui.', 99.98, 5, '2018-08-20 22:41:04', '2018-08-20 22:41:04'),
(96, 'Est ut magnam quia illum', 'Quae sit quam nesciunt exercitationem et quidem veritatis quia error incidunt.', 'Nesciunt architecto enim assumenda aut modi. Accusantium facilis velit voluptas id ipsum rerum distinctio. Tenetur omnis excepturi repudiandae est minima aut consectetur.', 97.30, 5, '2018-08-20 22:41:04', '2018-08-20 22:41:04'),
(97, 'Consequatur fuga animi explicabo ut', 'Accusamus dolores et et exercitationem quidem culpa necessitatibus culpa dignissimos rem tempore ratione.', 'Non similique ad ut optio occaecati ut nam. Nam voluptatem omnis ea et omnis accusamus dolor. Sit ut sed dolores laboriosam ipsam non velit. Expedita harum eos excepturi aut.', 68.45, 5, '2018-08-20 22:41:04', '2018-08-20 22:41:04'),
(98, 'Fugit non', 'Voluptates ad sunt omnis vel praesentium rerum consectetur ab autem.', 'Ipsum molestiae nesciunt repellendus ea ullam quo aliquam. Neque temporibus exercitationem aut asperiores. Voluptatem ipsam repudiandae est commodi.', 116.36, 5, '2018-08-20 22:41:04', '2018-08-20 22:41:04'),
(99, 'Porro aliquam iusto', 'Quo officia praesentium autem nam aut ratione.', 'Id porro ea inventore consequatur asperiores sit. Officiis quas et dolor eum. Et architecto qui nam officiis. Quod assumenda consequatur dolores consequatur.', 86.15, 5, '2018-08-20 22:41:04', '2018-08-20 22:41:04'),
(100, 'Est consequatur ut voluptatum', 'At voluptatum est ut enim architecto ut voluptatum praesentium dicta possimus aut non soluta.', 'Esse ut ratione quasi ut. Deleniti iusto qui ipsa repellat rerum vel omnis.', 145.27, 5, '2018-08-20 22:41:04', '2018-08-20 22:41:04');

-- --------------------------------------------------------

--
-- Estructura de tabla para la tabla `product_images`
--

CREATE TABLE `product_images` (
  `id` int(10) UNSIGNED NOT NULL,
  `image` varchar(191) COLLATE utf8mb4_unicode_ci NOT NULL,
  `featured` tinyint(1) NOT NULL DEFAULT '0',
  `product_id` int(10) UNSIGNED NOT NULL,
  `created_at` timestamp NULL DEFAULT NULL,
  `updated_at` timestamp NULL DEFAULT NULL
) ENGINE=InnoDB DEFAULT CHARSET=utf8mb4 COLLATE=utf8mb4_unicode_ci;

--
-- Volcado de datos para la tabla `product_images`
--

INSERT INTO `product_images` (`id`, `image`, `featured`, `product_id`, `created_at`, `updated_at`) VALUES
(1, 'https://lorempixel.com/250/250/?29605', 0, 1, '2018-08-20 22:41:02', '2018-08-20 22:41:02'),
(2, 'https://lorempixel.com/250/250/?39766', 0, 1, '2018-08-20 22:41:02', '2018-08-20 22:41:02'),
(3, 'https://lorempixel.com/250/250/?12004', 0, 1, '2018-08-20 22:41:02', '2018-08-20 22:41:02'),
(4, 'https://lorempixel.com/250/250/?90658', 0, 1, '2018-08-20 22:41:02', '2018-08-20 22:41:02'),
(5, 'https://lorempixel.com/250/250/?23484', 0, 1, '2018-08-20 22:41:02', '2018-08-20 22:41:02'),
(6, 'https://lorempixel.com/250/250/?89486', 0, 2, '2018-08-20 22:41:02', '2018-08-20 22:41:02'),
(7, 'https://lorempixel.com/250/250/?92897', 0, 2, '2018-08-20 22:41:02', '2018-08-20 22:41:02'),
(8, 'https://lorempixel.com/250/250/?33251', 0, 2, '2018-08-20 22:41:02', '2018-08-20 22:41:02'),
(9, 'https://lorempixel.com/250/250/?99697', 0, 2, '2018-08-20 22:41:02', '2018-08-20 22:41:02'),
(10, 'https://lorempixel.com/250/250/?43209', 0, 2, '2018-08-20 22:41:02', '2018-08-20 22:41:02'),
(11, 'https://lorempixel.com/250/250/?11630', 0, 3, '2018-08-20 22:41:02', '2018-08-20 22:41:02'),
(12, 'https://lorempixel.com/250/250/?10545', 0, 3, '2018-08-20 22:41:02', '2018-08-20 22:41:02'),
(13, 'https://lorempixel.com/250/250/?88004', 0, 3, '2018-08-20 22:41:02', '2018-08-20 22:41:02'),
(14, 'https://lorempixel.com/250/250/?88169', 0, 3, '2018-08-20 22:41:02', '2018-08-20 22:41:02'),
(15, 'https://lorempixel.com/250/250/?52569', 0, 3, '2018-08-20 22:41:02', '2018-08-20 22:41:02'),
(16, 'https://lorempixel.com/250/250/?93054', 0, 4, '2018-08-20 22:41:02', '2018-08-20 22:41:02'),
(17, 'https://lorempixel.com/250/250/?45155', 0, 4, '2018-08-20 22:41:03', '2018-08-20 22:41:03'),
(18, 'https://lorempixel.com/250/250/?55188', 0, 4, '2018-08-20 22:41:03', '2018-08-20 22:41:03'),
(19, 'https://lorempixel.com/250/250/?10500', 0, 4, '2018-08-20 22:41:03', '2018-08-20 22:41:03'),
(20, 'https://lorempixel.com/250/250/?84227', 0, 4, '2018-08-20 22:41:03', '2018-08-20 22:41:03'),
(21, 'https://lorempixel.com/250/250/?23434', 0, 5, '2018-08-20 22:41:03', '2018-08-20 22:41:03'),
(22, 'https://lorempixel.com/250/250/?38093', 0, 5, '2018-08-20 22:41:03', '2018-08-20 22:41:03'),
(23, 'https://lorempixel.com/250/250/?38241', 0, 5, '2018-08-20 22:41:03', '2018-08-20 22:41:03'),
(24, 'https://lorempixel.com/250/250/?71860', 0, 5, '2018-08-20 22:41:03', '2018-08-20 22:41:03'),
(25, 'https://lorempixel.com/250/250/?61729', 0, 5, '2018-08-20 22:41:03', '2018-08-20 22:41:03'),
(26, 'https://lorempixel.com/250/250/?65265', 0, 6, '2018-08-20 22:41:03', '2018-08-20 22:41:03'),
(27, 'https://lorempixel.com/250/250/?10526', 0, 6, '2018-08-20 22:41:03', '2018-08-20 22:41:03'),
(28, 'https://lorempixel.com/250/250/?30765', 0, 6, '2018-08-20 22:41:03', '2018-08-20 22:41:03'),
(29, 'https://lorempixel.com/250/250/?94605', 0, 6, '2018-08-20 22:41:03', '2018-08-20 22:41:03'),
(30, 'https://lorempixel.com/250/250/?45414', 0, 6, '2018-08-20 22:41:03', '2018-08-20 22:41:03'),
(31, 'https://lorempixel.com/250/250/?19821', 0, 7, '2018-08-20 22:41:03', '2018-08-20 22:41:03'),
(32, 'https://lorempixel.com/250/250/?87834', 0, 7, '2018-08-20 22:41:03', '2018-08-20 22:41:03'),
(33, 'https://lorempixel.com/250/250/?31387', 0, 7, '2018-08-20 22:41:03', '2018-08-20 22:41:03'),
(34, 'https://lorempixel.com/250/250/?48913', 0, 7, '2018-08-20 22:41:03', '2018-08-20 22:41:03'),
(35, 'https://lorempixel.com/250/250/?67356', 0, 7, '2018-08-20 22:41:03', '2018-08-20 22:41:03'),
(36, 'https://lorempixel.com/250/250/?50762', 0, 8, '2018-08-20 22:41:03', '2018-08-20 22:41:03'),
(37, 'https://lorempixel.com/250/250/?65406', 0, 8, '2018-08-20 22:41:03', '2018-08-20 22:41:03'),
(38, 'https://lorempixel.com/250/250/?52172', 0, 8, '2018-08-20 22:41:03', '2018-08-20 22:41:03'),
(39, 'https://lorempixel.com/250/250/?33075', 0, 8, '2018-08-20 22:41:03', '2018-08-20 22:41:03'),
(40, 'https://lorempixel.com/250/250/?52428', 0, 8, '2018-08-20 22:41:03', '2018-08-20 22:41:03'),
(41, 'https://lorempixel.com/250/250/?42116', 0, 9, '2018-08-20 22:41:03', '2018-08-20 22:41:03'),
(42, 'https://lorempixel.com/250/250/?88535', 0, 9, '2018-08-20 22:41:03', '2018-08-20 22:41:03'),
(43, 'https://lorempixel.com/250/250/?22618', 0, 9, '2018-08-20 22:41:03', '2018-08-20 22:41:03'),
(44, 'https://lorempixel.com/250/250/?95090', 0, 9, '2018-08-20 22:41:03', '2018-08-20 22:41:03'),
(45, 'https://lorempixel.com/250/250/?75545', 0, 9, '2018-08-20 22:41:03', '2018-08-20 22:41:03'),
(46, 'https://lorempixel.com/250/250/?68372', 0, 10, '2018-08-20 22:41:03', '2018-08-20 22:41:03'),
(47, 'https://lorempixel.com/250/250/?90742', 0, 10, '2018-08-20 22:41:03', '2018-08-20 22:41:03'),
(48, 'https://lorempixel.com/250/250/?11864', 0, 10, '2018-08-20 22:41:03', '2018-08-20 22:41:03'),
(49, 'https://lorempixel.com/250/250/?53168', 0, 10, '2018-08-20 22:41:03', '2018-08-20 22:41:03'),
(50, 'https://lorempixel.com/250/250/?22935', 0, 10, '2018-08-20 22:41:03', '2018-08-20 22:41:03'),
(51, 'https://lorempixel.com/250/250/?80507', 0, 11, '2018-08-20 22:41:03', '2018-08-20 22:41:03'),
(52, 'https://lorempixel.com/250/250/?71423', 0, 11, '2018-08-20 22:41:03', '2018-08-20 22:41:03'),
(53, 'https://lorempixel.com/250/250/?90295', 0, 11, '2018-08-20 22:41:03', '2018-08-20 22:41:03'),
(54, 'https://lorempixel.com/250/250/?15402', 0, 11, '2018-08-20 22:41:03', '2018-08-20 22:41:03'),
(55, 'https://lorempixel.com/250/250/?91684', 0, 11, '2018-08-20 22:41:03', '2018-08-20 22:41:03'),
(56, 'https://lorempixel.com/250/250/?25821', 0, 12, '2018-08-20 22:41:03', '2018-08-20 22:41:03'),
(57, 'https://lorempixel.com/250/250/?79784', 0, 12, '2018-08-20 22:41:03', '2018-08-20 22:41:03'),
(58, 'https://lorempixel.com/250/250/?15884', 0, 12, '2018-08-20 22:41:03', '2018-08-20 22:41:03'),
(59, 'https://lorempixel.com/250/250/?98825', 0, 12, '2018-08-20 22:41:03', '2018-08-20 22:41:03'),
(60, 'https://lorempixel.com/250/250/?83039', 0, 12, '2018-08-20 22:41:03', '2018-08-20 22:41:03'),
(61, 'https://lorempixel.com/250/250/?22012', 0, 13, '2018-08-20 22:41:03', '2018-08-20 22:41:03'),
(62, 'https://lorempixel.com/250/250/?19161', 0, 13, '2018-08-20 22:41:03', '2018-08-20 22:41:03'),
(63, 'https://lorempixel.com/250/250/?29965', 0, 13, '2018-08-20 22:41:03', '2018-08-20 22:41:03'),
(64, 'https://lorempixel.com/250/250/?28795', 0, 13, '2018-08-20 22:41:03', '2018-08-20 22:41:03'),
(65, 'https://lorempixel.com/250/250/?34642', 0, 13, '2018-08-20 22:41:03', '2018-08-20 22:41:03'),
(66, 'https://lorempixel.com/250/250/?10610', 0, 14, '2018-08-20 22:41:03', '2018-08-20 22:41:03'),
(67, 'https://lorempixel.com/250/250/?33338', 0, 14, '2018-08-20 22:41:03', '2018-08-20 22:41:03'),
(68, 'https://lorempixel.com/250/250/?42638', 0, 14, '2018-08-20 22:41:03', '2018-08-20 22:41:03'),
(69, 'https://lorempixel.com/250/250/?60629', 0, 14, '2018-08-20 22:41:03', '2018-08-20 22:41:03'),
(70, 'https://lorempixel.com/250/250/?88166', 0, 14, '2018-08-20 22:41:03', '2018-08-20 22:41:03'),
(71, 'https://lorempixel.com/250/250/?47817', 0, 15, '2018-08-20 22:41:03', '2018-08-20 22:41:03'),
(72, 'https://lorempixel.com/250/250/?16780', 0, 15, '2018-08-20 22:41:03', '2018-08-20 22:41:03'),
(73, 'https://lorempixel.com/250/250/?62231', 0, 15, '2018-08-20 22:41:03', '2018-08-20 22:41:03'),
(74, 'https://lorempixel.com/250/250/?52957', 0, 15, '2018-08-20 22:41:03', '2018-08-20 22:41:03'),
(75, 'https://lorempixel.com/250/250/?42859', 0, 15, '2018-08-20 22:41:03', '2018-08-20 22:41:03'),
(76, 'https://lorempixel.com/250/250/?60094', 0, 16, '2018-08-20 22:41:03', '2018-08-20 22:41:03'),
(77, 'https://lorempixel.com/250/250/?38146', 0, 16, '2018-08-20 22:41:03', '2018-08-20 22:41:03'),
(78, 'https://lorempixel.com/250/250/?82184', 0, 16, '2018-08-20 22:41:03', '2018-08-20 22:41:03'),
(79, 'https://lorempixel.com/250/250/?79529', 0, 16, '2018-08-20 22:41:03', '2018-08-20 22:41:03'),
(80, 'https://lorempixel.com/250/250/?92316', 0, 16, '2018-08-20 22:41:03', '2018-08-20 22:41:03'),
(81, 'https://lorempixel.com/250/250/?68669', 0, 17, '2018-08-20 22:41:03', '2018-08-20 22:41:03'),
(82, 'https://lorempixel.com/250/250/?54534', 0, 17, '2018-08-20 22:41:03', '2018-08-20 22:41:03'),
(83, 'https://lorempixel.com/250/250/?75609', 0, 17, '2018-08-20 22:41:03', '2018-08-20 22:41:03'),
(84, 'https://lorempixel.com/250/250/?41901', 0, 17, '2018-08-20 22:41:03', '2018-08-20 22:41:03'),
(85, 'https://lorempixel.com/250/250/?38850', 0, 17, '2018-08-20 22:41:03', '2018-08-20 22:41:03'),
(86, 'https://lorempixel.com/250/250/?36325', 0, 18, '2018-08-20 22:41:03', '2018-08-20 22:41:03'),
(87, 'https://lorempixel.com/250/250/?39851', 0, 18, '2018-08-20 22:41:03', '2018-08-20 22:41:03'),
(88, 'https://lorempixel.com/250/250/?80695', 0, 18, '2018-08-20 22:41:03', '2018-08-20 22:41:03'),
(89, 'https://lorempixel.com/250/250/?26273', 0, 18, '2018-08-20 22:41:03', '2018-08-20 22:41:03'),
(90, 'https://lorempixel.com/250/250/?64576', 0, 18, '2018-08-20 22:41:03', '2018-08-20 22:41:03'),
(91, 'https://lorempixel.com/250/250/?73805', 0, 19, '2018-08-20 22:41:03', '2018-08-20 22:41:03'),
(92, 'https://lorempixel.com/250/250/?98136', 0, 19, '2018-08-20 22:41:03', '2018-08-20 22:41:03'),
(93, 'https://lorempixel.com/250/250/?58067', 0, 19, '2018-08-20 22:41:03', '2018-08-20 22:41:03'),
(94, 'https://lorempixel.com/250/250/?50152', 0, 19, '2018-08-20 22:41:03', '2018-08-20 22:41:03'),
(95, 'https://lorempixel.com/250/250/?35379', 0, 19, '2018-08-20 22:41:03', '2018-08-20 22:41:03'),
(96, 'https://lorempixel.com/250/250/?75010', 0, 20, '2018-08-20 22:41:03', '2018-08-20 22:41:03'),
(97, 'https://lorempixel.com/250/250/?44471', 0, 20, '2018-08-20 22:41:03', '2018-08-20 22:41:03'),
(98, 'https://lorempixel.com/250/250/?51870', 0, 20, '2018-08-20 22:41:03', '2018-08-20 22:41:03'),
(99, 'https://lorempixel.com/250/250/?59503', 0, 20, '2018-08-20 22:41:03', '2018-08-20 22:41:03'),
(100, 'https://lorempixel.com/250/250/?11964', 0, 20, '2018-08-20 22:41:03', '2018-08-20 22:41:03'),
(101, 'https://lorempixel.com/250/250/?12528', 0, 21, '2018-08-20 22:41:03', '2018-08-20 22:41:03'),
(102, 'https://lorempixel.com/250/250/?81313', 0, 21, '2018-08-20 22:41:03', '2018-08-20 22:41:03'),
(103, 'https://lorempixel.com/250/250/?17434', 0, 21, '2018-08-20 22:41:03', '2018-08-20 22:41:03'),
(104, 'https://lorempixel.com/250/250/?50038', 0, 21, '2018-08-20 22:41:03', '2018-08-20 22:41:03'),
(105, 'https://lorempixel.com/250/250/?35667', 0, 21, '2018-08-20 22:41:03', '2018-08-20 22:41:03'),
(106, 'https://lorempixel.com/250/250/?52040', 0, 22, '2018-08-20 22:41:03', '2018-08-20 22:41:03'),
(107, 'https://lorempixel.com/250/250/?70860', 0, 22, '2018-08-20 22:41:03', '2018-08-20 22:41:03'),
(108, 'https://lorempixel.com/250/250/?23270', 0, 22, '2018-08-20 22:41:03', '2018-08-20 22:41:03'),
(109, 'https://lorempixel.com/250/250/?90067', 0, 22, '2018-08-20 22:41:03', '2018-08-20 22:41:03'),
(110, 'https://lorempixel.com/250/250/?28895', 0, 22, '2018-08-20 22:41:03', '2018-08-20 22:41:03'),
(111, 'https://lorempixel.com/250/250/?62148', 0, 23, '2018-08-20 22:41:03', '2018-08-20 22:41:03'),
(112, 'https://lorempixel.com/250/250/?34929', 0, 23, '2018-08-20 22:41:03', '2018-08-20 22:41:03'),
(113, 'https://lorempixel.com/250/250/?95551', 0, 23, '2018-08-20 22:41:03', '2018-08-20 22:41:03'),
(114, 'https://lorempixel.com/250/250/?18109', 0, 23, '2018-08-20 22:41:03', '2018-08-20 22:41:03'),
(115, 'https://lorempixel.com/250/250/?79780', 0, 23, '2018-08-20 22:41:03', '2018-08-20 22:41:03'),
(116, 'https://lorempixel.com/250/250/?29292', 0, 24, '2018-08-20 22:41:03', '2018-08-20 22:41:03'),
(117, 'https://lorempixel.com/250/250/?83448', 0, 24, '2018-08-20 22:41:03', '2018-08-20 22:41:03'),
(118, 'https://lorempixel.com/250/250/?71198', 0, 24, '2018-08-20 22:41:03', '2018-08-20 22:41:03'),
(119, 'https://lorempixel.com/250/250/?52529', 0, 24, '2018-08-20 22:41:03', '2018-08-20 22:41:03'),
(120, 'https://lorempixel.com/250/250/?10545', 0, 24, '2018-08-20 22:41:03', '2018-08-20 22:41:03'),
(121, 'https://lorempixel.com/250/250/?94896', 0, 25, '2018-08-20 22:41:03', '2018-08-20 22:41:03'),
(122, 'https://lorempixel.com/250/250/?58691', 0, 25, '2018-08-20 22:41:03', '2018-08-20 22:41:03'),
(123, 'https://lorempixel.com/250/250/?28137', 0, 25, '2018-08-20 22:41:03', '2018-08-20 22:41:03'),
(124, 'https://lorempixel.com/250/250/?27323', 0, 25, '2018-08-20 22:41:03', '2018-08-20 22:41:03'),
(125, 'https://lorempixel.com/250/250/?47273', 0, 25, '2018-08-20 22:41:03', '2018-08-20 22:41:03'),
(126, 'https://lorempixel.com/250/250/?87089', 0, 26, '2018-08-20 22:41:03', '2018-08-20 22:41:03'),
(127, 'https://lorempixel.com/250/250/?30242', 0, 26, '2018-08-20 22:41:03', '2018-08-20 22:41:03'),
(128, 'https://lorempixel.com/250/250/?36636', 0, 26, '2018-08-20 22:41:03', '2018-08-20 22:41:03'),
(129, 'https://lorempixel.com/250/250/?26531', 0, 26, '2018-08-20 22:41:03', '2018-08-20 22:41:03'),
(130, 'https://lorempixel.com/250/250/?86608', 0, 26, '2018-08-20 22:41:03', '2018-08-20 22:41:03'),
(131, 'https://lorempixel.com/250/250/?19342', 0, 27, '2018-08-20 22:41:03', '2018-08-20 22:41:03'),
(132, 'https://lorempixel.com/250/250/?92639', 0, 27, '2018-08-20 22:41:03', '2018-08-20 22:41:03'),
(133, 'https://lorempixel.com/250/250/?43880', 0, 27, '2018-08-20 22:41:03', '2018-08-20 22:41:03'),
(134, 'https://lorempixel.com/250/250/?11389', 0, 27, '2018-08-20 22:41:03', '2018-08-20 22:41:03'),
(135, 'https://lorempixel.com/250/250/?35722', 0, 27, '2018-08-20 22:41:03', '2018-08-20 22:41:03'),
(136, 'https://lorempixel.com/250/250/?15380', 0, 28, '2018-08-20 22:41:03', '2018-08-20 22:41:03'),
(137, 'https://lorempixel.com/250/250/?10520', 0, 28, '2018-08-20 22:41:03', '2018-08-20 22:41:03'),
(138, 'https://lorempixel.com/250/250/?44643', 0, 28, '2018-08-20 22:41:03', '2018-08-20 22:41:03'),
(139, 'https://lorempixel.com/250/250/?10202', 0, 28, '2018-08-20 22:41:03', '2018-08-20 22:41:03'),
(140, 'https://lorempixel.com/250/250/?28070', 0, 28, '2018-08-20 22:41:03', '2018-08-20 22:41:03'),
(141, 'https://lorempixel.com/250/250/?42519', 0, 29, '2018-08-20 22:41:03', '2018-08-20 22:41:03'),
(142, 'https://lorempixel.com/250/250/?64759', 0, 29, '2018-08-20 22:41:03', '2018-08-20 22:41:03'),
(143, 'https://lorempixel.com/250/250/?58257', 0, 29, '2018-08-20 22:41:03', '2018-08-20 22:41:03'),
(144, 'https://lorempixel.com/250/250/?82486', 0, 29, '2018-08-20 22:41:03', '2018-08-20 22:41:03'),
(145, 'https://lorempixel.com/250/250/?45710', 0, 29, '2018-08-20 22:41:03', '2018-08-20 22:41:03'),
(146, 'https://lorempixel.com/250/250/?63958', 0, 30, '2018-08-20 22:41:03', '2018-08-20 22:41:03'),
(147, 'https://lorempixel.com/250/250/?33141', 0, 30, '2018-08-20 22:41:03', '2018-08-20 22:41:03'),
(148, 'https://lorempixel.com/250/250/?99832', 0, 30, '2018-08-20 22:41:03', '2018-08-20 22:41:03'),
(149, 'https://lorempixel.com/250/250/?12612', 0, 30, '2018-08-20 22:41:03', '2018-08-20 22:41:03'),
(150, 'https://lorempixel.com/250/250/?78462', 0, 30, '2018-08-20 22:41:03', '2018-08-20 22:41:03'),
(151, 'https://lorempixel.com/250/250/?12968', 0, 31, '2018-08-20 22:41:03', '2018-08-20 22:41:03'),
(152, 'https://lorempixel.com/250/250/?20193', 0, 31, '2018-08-20 22:41:03', '2018-08-20 22:41:03'),
(153, 'https://lorempixel.com/250/250/?94241', 0, 31, '2018-08-20 22:41:03', '2018-08-20 22:41:03'),
(154, 'https://lorempixel.com/250/250/?91777', 0, 31, '2018-08-20 22:41:03', '2018-08-20 22:41:03'),
(155, 'https://lorempixel.com/250/250/?54037', 0, 31, '2018-08-20 22:41:03', '2018-08-20 22:41:03'),
(156, 'https://lorempixel.com/250/250/?62084', 0, 32, '2018-08-20 22:41:03', '2018-08-20 22:41:03'),
(157, 'https://lorempixel.com/250/250/?69401', 0, 32, '2018-08-20 22:41:03', '2018-08-20 22:41:03'),
(158, 'https://lorempixel.com/250/250/?95293', 0, 32, '2018-08-20 22:41:03', '2018-08-20 22:41:03'),
(159, 'https://lorempixel.com/250/250/?18561', 0, 32, '2018-08-20 22:41:03', '2018-08-20 22:41:03'),
(160, 'https://lorempixel.com/250/250/?51666', 0, 32, '2018-08-20 22:41:03', '2018-08-20 22:41:03'),
(161, 'https://lorempixel.com/250/250/?14936', 0, 33, '2018-08-20 22:41:03', '2018-08-20 22:41:03'),
(162, 'https://lorempixel.com/250/250/?65171', 0, 33, '2018-08-20 22:41:03', '2018-08-20 22:41:03'),
(163, 'https://lorempixel.com/250/250/?46579', 0, 33, '2018-08-20 22:41:03', '2018-08-20 22:41:03'),
(164, 'https://lorempixel.com/250/250/?91097', 0, 33, '2018-08-20 22:41:03', '2018-08-20 22:41:03'),
(165, 'https://lorempixel.com/250/250/?64130', 0, 33, '2018-08-20 22:41:03', '2018-08-20 22:41:03'),
(166, 'https://lorempixel.com/250/250/?48719', 0, 34, '2018-08-20 22:41:03', '2018-08-20 22:41:03'),
(167, 'https://lorempixel.com/250/250/?94805', 0, 34, '2018-08-20 22:41:03', '2018-08-20 22:41:03'),
(168, 'https://lorempixel.com/250/250/?79609', 0, 34, '2018-08-20 22:41:03', '2018-08-20 22:41:03'),
(169, 'https://lorempixel.com/250/250/?20936', 0, 34, '2018-08-20 22:41:03', '2018-08-20 22:41:03'),
(170, 'https://lorempixel.com/250/250/?35249', 0, 34, '2018-08-20 22:41:03', '2018-08-20 22:41:03'),
(171, 'https://lorempixel.com/250/250/?28635', 0, 35, '2018-08-20 22:41:03', '2018-08-20 22:41:03'),
(172, 'https://lorempixel.com/250/250/?67654', 0, 35, '2018-08-20 22:41:03', '2018-08-20 22:41:03'),
(173, 'https://lorempixel.com/250/250/?93680', 0, 35, '2018-08-20 22:41:03', '2018-08-20 22:41:03'),
(174, 'https://lorempixel.com/250/250/?91176', 0, 35, '2018-08-20 22:41:03', '2018-08-20 22:41:03'),
(175, 'https://lorempixel.com/250/250/?54061', 0, 35, '2018-08-20 22:41:03', '2018-08-20 22:41:03'),
(176, 'https://lorempixel.com/250/250/?92955', 0, 36, '2018-08-20 22:41:03', '2018-08-20 22:41:03'),
(177, 'https://lorempixel.com/250/250/?34897', 0, 36, '2018-08-20 22:41:03', '2018-08-20 22:41:03'),
(178, 'https://lorempixel.com/250/250/?78450', 0, 36, '2018-08-20 22:41:03', '2018-08-20 22:41:03'),
(179, 'https://lorempixel.com/250/250/?88871', 0, 36, '2018-08-20 22:41:03', '2018-08-20 22:41:03'),
(180, 'https://lorempixel.com/250/250/?15312', 0, 36, '2018-08-20 22:41:03', '2018-08-20 22:41:03'),
(181, 'https://lorempixel.com/250/250/?22755', 0, 37, '2018-08-20 22:41:03', '2018-08-20 22:41:03'),
(182, 'https://lorempixel.com/250/250/?51769', 0, 37, '2018-08-20 22:41:03', '2018-08-20 22:41:03'),
(183, 'https://lorempixel.com/250/250/?85320', 0, 37, '2018-08-20 22:41:03', '2018-08-20 22:41:03'),
(184, 'https://lorempixel.com/250/250/?87102', 0, 37, '2018-08-20 22:41:03', '2018-08-20 22:41:03'),
(185, 'https://lorempixel.com/250/250/?19598', 0, 37, '2018-08-20 22:41:03', '2018-08-20 22:41:03'),
(186, 'https://lorempixel.com/250/250/?80464', 0, 38, '2018-08-20 22:41:03', '2018-08-20 22:41:03'),
(187, 'https://lorempixel.com/250/250/?59014', 0, 38, '2018-08-20 22:41:03', '2018-08-20 22:41:03'),
(188, 'https://lorempixel.com/250/250/?60331', 0, 38, '2018-08-20 22:41:03', '2018-08-20 22:41:03'),
(189, 'https://lorempixel.com/250/250/?18729', 0, 38, '2018-08-20 22:41:03', '2018-08-20 22:41:03'),
(190, 'https://lorempixel.com/250/250/?17356', 0, 38, '2018-08-20 22:41:03', '2018-08-20 22:41:03'),
(191, 'https://lorempixel.com/250/250/?78463', 0, 39, '2018-08-20 22:41:03', '2018-08-20 22:41:03'),
(192, 'https://lorempixel.com/250/250/?40349', 0, 39, '2018-08-20 22:41:03', '2018-08-20 22:41:03'),
(193, 'https://lorempixel.com/250/250/?82697', 0, 39, '2018-08-20 22:41:03', '2018-08-20 22:41:03'),
(194, 'https://lorempixel.com/250/250/?76587', 0, 39, '2018-08-20 22:41:03', '2018-08-20 22:41:03'),
(195, 'https://lorempixel.com/250/250/?35946', 0, 39, '2018-08-20 22:41:03', '2018-08-20 22:41:03'),
(196, 'https://lorempixel.com/250/250/?61489', 0, 40, '2018-08-20 22:41:03', '2018-08-20 22:41:03'),
(197, 'https://lorempixel.com/250/250/?44278', 0, 40, '2018-08-20 22:41:03', '2018-08-20 22:41:03'),
(198, 'https://lorempixel.com/250/250/?69677', 0, 40, '2018-08-20 22:41:03', '2018-08-20 22:41:03'),
(199, 'https://lorempixel.com/250/250/?45293', 0, 40, '2018-08-20 22:41:03', '2018-08-20 22:41:03'),
(200, 'https://lorempixel.com/250/250/?74230', 0, 40, '2018-08-20 22:41:03', '2018-08-20 22:41:03'),
(201, 'https://lorempixel.com/250/250/?99346', 0, 41, '2018-08-20 22:41:03', '2018-08-20 22:41:03'),
(202, 'https://lorempixel.com/250/250/?34028', 0, 41, '2018-08-20 22:41:03', '2018-08-20 22:41:03'),
(203, 'https://lorempixel.com/250/250/?78928', 0, 41, '2018-08-20 22:41:03', '2018-08-20 22:41:03'),
(204, 'https://lorempixel.com/250/250/?20820', 0, 41, '2018-08-20 22:41:03', '2018-08-20 22:41:03'),
(205, 'https://lorempixel.com/250/250/?96749', 0, 41, '2018-08-20 22:41:03', '2018-08-20 22:41:03'),
(206, 'https://lorempixel.com/250/250/?13043', 0, 42, '2018-08-20 22:41:03', '2018-08-20 22:41:03'),
(207, 'https://lorempixel.com/250/250/?63544', 0, 42, '2018-08-20 22:41:03', '2018-08-20 22:41:03'),
(208, 'https://lorempixel.com/250/250/?25148', 0, 42, '2018-08-20 22:41:03', '2018-08-20 22:41:03'),
(209, 'https://lorempixel.com/250/250/?49755', 0, 42, '2018-08-20 22:41:03', '2018-08-20 22:41:03'),
(210, 'https://lorempixel.com/250/250/?49225', 0, 42, '2018-08-20 22:41:03', '2018-08-20 22:41:03'),
(211, 'https://lorempixel.com/250/250/?10018', 0, 43, '2018-08-20 22:41:03', '2018-08-20 22:41:03'),
(212, 'https://lorempixel.com/250/250/?48908', 0, 43, '2018-08-20 22:41:03', '2018-08-20 22:41:03'),
(213, 'https://lorempixel.com/250/250/?55544', 0, 43, '2018-08-20 22:41:03', '2018-08-20 22:41:03'),
(214, 'https://lorempixel.com/250/250/?31385', 0, 43, '2018-08-20 22:41:03', '2018-08-20 22:41:03'),
(215, 'https://lorempixel.com/250/250/?78132', 0, 43, '2018-08-20 22:41:03', '2018-08-20 22:41:03'),
(216, 'https://lorempixel.com/250/250/?39195', 0, 44, '2018-08-20 22:41:03', '2018-08-20 22:41:03'),
(217, 'https://lorempixel.com/250/250/?42373', 0, 44, '2018-08-20 22:41:03', '2018-08-20 22:41:03'),
(218, 'https://lorempixel.com/250/250/?80500', 0, 44, '2018-08-20 22:41:03', '2018-08-20 22:41:03'),
(219, 'https://lorempixel.com/250/250/?78984', 0, 44, '2018-08-20 22:41:03', '2018-08-20 22:41:03'),
(220, 'https://lorempixel.com/250/250/?67795', 0, 44, '2018-08-20 22:41:03', '2018-08-20 22:41:03'),
(221, 'https://lorempixel.com/250/250/?52767', 0, 45, '2018-08-20 22:41:03', '2018-08-20 22:41:03'),
(222, 'https://lorempixel.com/250/250/?86628', 0, 45, '2018-08-20 22:41:03', '2018-08-20 22:41:03'),
(223, 'https://lorempixel.com/250/250/?66409', 0, 45, '2018-08-20 22:41:03', '2018-08-20 22:41:03'),
(224, 'https://lorempixel.com/250/250/?96819', 0, 45, '2018-08-20 22:41:03', '2018-08-20 22:41:03'),
(225, 'https://lorempixel.com/250/250/?74760', 0, 45, '2018-08-20 22:41:03', '2018-08-20 22:41:03'),
(226, 'https://lorempixel.com/250/250/?68643', 0, 46, '2018-08-20 22:41:03', '2018-08-20 22:41:03'),
(227, 'https://lorempixel.com/250/250/?28745', 0, 46, '2018-08-20 22:41:03', '2018-08-20 22:41:03'),
(228, 'https://lorempixel.com/250/250/?67507', 0, 46, '2018-08-20 22:41:03', '2018-08-20 22:41:03'),
(229, 'https://lorempixel.com/250/250/?62625', 0, 46, '2018-08-20 22:41:03', '2018-08-20 22:41:03'),
(230, 'https://lorempixel.com/250/250/?40389', 0, 46, '2018-08-20 22:41:03', '2018-08-20 22:41:03'),
(231, 'https://lorempixel.com/250/250/?17001', 0, 47, '2018-08-20 22:41:03', '2018-08-20 22:41:03'),
(232, 'https://lorempixel.com/250/250/?25093', 0, 47, '2018-08-20 22:41:03', '2018-08-20 22:41:03'),
(233, 'https://lorempixel.com/250/250/?29551', 0, 47, '2018-08-20 22:41:03', '2018-08-20 22:41:03'),
(234, 'https://lorempixel.com/250/250/?88550', 0, 47, '2018-08-20 22:41:03', '2018-08-20 22:41:03'),
(235, 'https://lorempixel.com/250/250/?67037', 0, 47, '2018-08-20 22:41:03', '2018-08-20 22:41:03'),
(236, 'https://lorempixel.com/250/250/?52711', 0, 48, '2018-08-20 22:41:03', '2018-08-20 22:41:03'),
(237, 'https://lorempixel.com/250/250/?73426', 0, 48, '2018-08-20 22:41:03', '2018-08-20 22:41:03'),
(238, 'https://lorempixel.com/250/250/?76763', 0, 48, '2018-08-20 22:41:03', '2018-08-20 22:41:03'),
(239, 'https://lorempixel.com/250/250/?75678', 0, 48, '2018-08-20 22:41:03', '2018-08-20 22:41:03'),
(240, 'https://lorempixel.com/250/250/?99099', 0, 48, '2018-08-20 22:41:03', '2018-08-20 22:41:03'),
(241, 'https://lorempixel.com/250/250/?46155', 0, 49, '2018-08-20 22:41:03', '2018-08-20 22:41:03'),
(242, 'https://lorempixel.com/250/250/?92686', 0, 49, '2018-08-20 22:41:03', '2018-08-20 22:41:03'),
(243, 'https://lorempixel.com/250/250/?15378', 0, 49, '2018-08-20 22:41:03', '2018-08-20 22:41:03'),
(244, 'https://lorempixel.com/250/250/?82651', 0, 49, '2018-08-20 22:41:03', '2018-08-20 22:41:03'),
(245, 'https://lorempixel.com/250/250/?58475', 0, 49, '2018-08-20 22:41:03', '2018-08-20 22:41:03'),
(246, 'https://lorempixel.com/250/250/?69736', 0, 50, '2018-08-20 22:41:04', '2018-08-20 22:41:04'),
(247, 'https://lorempixel.com/250/250/?82677', 0, 50, '2018-08-20 22:41:04', '2018-08-20 22:41:04'),
(248, 'https://lorempixel.com/250/250/?39761', 0, 50, '2018-08-20 22:41:04', '2018-08-20 22:41:04'),
(249, 'https://lorempixel.com/250/250/?15660', 0, 50, '2018-08-20 22:41:04', '2018-08-20 22:41:04'),
(250, 'https://lorempixel.com/250/250/?41042', 0, 50, '2018-08-20 22:41:04', '2018-08-20 22:41:04'),
(251, 'https://lorempixel.com/250/250/?37412', 0, 51, '2018-08-20 22:41:04', '2018-08-20 22:41:04'),
(252, 'https://lorempixel.com/250/250/?54953', 0, 51, '2018-08-20 22:41:04', '2018-08-20 22:41:04'),
(253, 'https://lorempixel.com/250/250/?13976', 0, 51, '2018-08-20 22:41:04', '2018-08-20 22:41:04'),
(254, 'https://lorempixel.com/250/250/?31517', 0, 51, '2018-08-20 22:41:04', '2018-08-20 22:41:04'),
(255, 'https://lorempixel.com/250/250/?47599', 0, 51, '2018-08-20 22:41:04', '2018-08-20 22:41:04'),
(256, 'https://lorempixel.com/250/250/?86281', 0, 52, '2018-08-20 22:41:04', '2018-08-20 22:41:04'),
(257, 'https://lorempixel.com/250/250/?84205', 0, 52, '2018-08-20 22:41:04', '2018-08-20 22:41:04'),
(258, 'https://lorempixel.com/250/250/?45556', 0, 52, '2018-08-20 22:41:04', '2018-08-20 22:41:04'),
(259, 'https://lorempixel.com/250/250/?68859', 0, 52, '2018-08-20 22:41:04', '2018-08-20 22:41:04'),
(260, 'https://lorempixel.com/250/250/?49234', 0, 52, '2018-08-20 22:41:04', '2018-08-20 22:41:04'),
(261, 'https://lorempixel.com/250/250/?67768', 0, 53, '2018-08-20 22:41:04', '2018-08-20 22:41:04'),
(262, 'https://lorempixel.com/250/250/?28904', 0, 53, '2018-08-20 22:41:04', '2018-08-20 22:41:04'),
(263, 'https://lorempixel.com/250/250/?78389', 0, 53, '2018-08-20 22:41:04', '2018-08-20 22:41:04'),
(264, 'https://lorempixel.com/250/250/?55882', 0, 53, '2018-08-20 22:41:04', '2018-08-20 22:41:04'),
(265, 'https://lorempixel.com/250/250/?19624', 0, 53, '2018-08-20 22:41:04', '2018-08-20 22:41:04'),
(266, 'https://lorempixel.com/250/250/?62351', 0, 54, '2018-08-20 22:41:04', '2018-08-20 22:41:04'),
(267, 'https://lorempixel.com/250/250/?94944', 0, 54, '2018-08-20 22:41:04', '2018-08-20 22:41:04'),
(268, 'https://lorempixel.com/250/250/?74568', 0, 54, '2018-08-20 22:41:04', '2018-08-20 22:41:04'),
(269, 'https://lorempixel.com/250/250/?58086', 0, 54, '2018-08-20 22:41:04', '2018-08-20 22:41:04'),
(270, 'https://lorempixel.com/250/250/?70581', 0, 54, '2018-08-20 22:41:04', '2018-08-20 22:41:04'),
(271, 'https://lorempixel.com/250/250/?24574', 0, 55, '2018-08-20 22:41:04', '2018-08-20 22:41:04'),
(272, 'https://lorempixel.com/250/250/?54901', 0, 55, '2018-08-20 22:41:04', '2018-08-20 22:41:04'),
(273, 'https://lorempixel.com/250/250/?87500', 0, 55, '2018-08-20 22:41:04', '2018-08-20 22:41:04'),
(274, 'https://lorempixel.com/250/250/?27018', 0, 55, '2018-08-20 22:41:04', '2018-08-20 22:41:04'),
(275, 'https://lorempixel.com/250/250/?13915', 0, 55, '2018-08-20 22:41:04', '2018-08-20 22:41:04'),
(276, 'https://lorempixel.com/250/250/?47766', 0, 56, '2018-08-20 22:41:04', '2018-08-20 22:41:04'),
(277, 'https://lorempixel.com/250/250/?98322', 0, 56, '2018-08-20 22:41:04', '2018-08-20 22:41:04'),
(278, 'https://lorempixel.com/250/250/?90594', 0, 56, '2018-08-20 22:41:04', '2018-08-20 22:41:04'),
(279, 'https://lorempixel.com/250/250/?20118', 0, 56, '2018-08-20 22:41:04', '2018-08-20 22:41:04'),
(280, 'https://lorempixel.com/250/250/?30050', 0, 56, '2018-08-20 22:41:04', '2018-08-20 22:41:04'),
(281, 'https://lorempixel.com/250/250/?67803', 0, 57, '2018-08-20 22:41:04', '2018-08-20 22:41:04'),
(282, 'https://lorempixel.com/250/250/?35962', 0, 57, '2018-08-20 22:41:04', '2018-08-20 22:41:04'),
(283, 'https://lorempixel.com/250/250/?84347', 0, 57, '2018-08-20 22:41:04', '2018-08-20 22:41:04'),
(284, 'https://lorempixel.com/250/250/?19805', 0, 57, '2018-08-20 22:41:04', '2018-08-20 22:41:04'),
(285, 'https://lorempixel.com/250/250/?58806', 0, 57, '2018-08-20 22:41:04', '2018-08-20 22:41:04'),
(286, 'https://lorempixel.com/250/250/?52495', 0, 58, '2018-08-20 22:41:04', '2018-08-20 22:41:04'),
(287, 'https://lorempixel.com/250/250/?35788', 0, 58, '2018-08-20 22:41:04', '2018-08-20 22:41:04'),
(288, 'https://lorempixel.com/250/250/?48994', 0, 58, '2018-08-20 22:41:04', '2018-08-20 22:41:04'),
(289, 'https://lorempixel.com/250/250/?66587', 0, 58, '2018-08-20 22:41:04', '2018-08-20 22:41:04'),
(290, 'https://lorempixel.com/250/250/?57250', 0, 58, '2018-08-20 22:41:04', '2018-08-20 22:41:04'),
(291, 'https://lorempixel.com/250/250/?10755', 0, 59, '2018-08-20 22:41:04', '2018-08-20 22:41:04'),
(292, 'https://lorempixel.com/250/250/?12733', 0, 59, '2018-08-20 22:41:04', '2018-08-20 22:41:04'),
(293, 'https://lorempixel.com/250/250/?41379', 0, 59, '2018-08-20 22:41:04', '2018-08-20 22:41:04'),
(294, 'https://lorempixel.com/250/250/?49146', 0, 59, '2018-08-20 22:41:04', '2018-08-20 22:41:04'),
(295, 'https://lorempixel.com/250/250/?79246', 0, 59, '2018-08-20 22:41:04', '2018-08-20 22:41:04'),
(296, 'https://lorempixel.com/250/250/?53739', 0, 60, '2018-08-20 22:41:04', '2018-08-20 22:41:04'),
(297, 'https://lorempixel.com/250/250/?65820', 0, 60, '2018-08-20 22:41:04', '2018-08-20 22:41:04'),
(298, 'https://lorempixel.com/250/250/?73752', 0, 60, '2018-08-20 22:41:04', '2018-08-20 22:41:04'),
(299, 'https://lorempixel.com/250/250/?41707', 0, 60, '2018-08-20 22:41:04', '2018-08-20 22:41:04'),
(300, 'https://lorempixel.com/250/250/?15902', 0, 60, '2018-08-20 22:41:04', '2018-08-20 22:41:04'),
(301, 'https://lorempixel.com/250/250/?91226', 0, 61, '2018-08-20 22:41:04', '2018-08-20 22:41:04'),
(302, 'https://lorempixel.com/250/250/?54396', 0, 61, '2018-08-20 22:41:04', '2018-08-20 22:41:04'),
(303, 'https://lorempixel.com/250/250/?41862', 0, 61, '2018-08-20 22:41:04', '2018-08-20 22:41:04'),
(304, 'https://lorempixel.com/250/250/?60317', 0, 61, '2018-08-20 22:41:04', '2018-08-20 22:41:04'),
(305, 'https://lorempixel.com/250/250/?61237', 0, 61, '2018-08-20 22:41:04', '2018-08-20 22:41:04'),
(306, 'https://lorempixel.com/250/250/?98028', 0, 62, '2018-08-20 22:41:04', '2018-08-20 22:41:04'),
(307, 'https://lorempixel.com/250/250/?35144', 0, 62, '2018-08-20 22:41:04', '2018-08-20 22:41:04'),
(308, 'https://lorempixel.com/250/250/?65102', 0, 62, '2018-08-20 22:41:04', '2018-08-20 22:41:04'),
(309, 'https://lorempixel.com/250/250/?34853', 0, 62, '2018-08-20 22:41:04', '2018-08-20 22:41:04'),
(310, 'https://lorempixel.com/250/250/?37776', 0, 62, '2018-08-20 22:41:04', '2018-08-20 22:41:04'),
(311, 'https://lorempixel.com/250/250/?89357', 0, 63, '2018-08-20 22:41:04', '2018-08-20 22:41:04'),
(312, 'https://lorempixel.com/250/250/?24488', 0, 63, '2018-08-20 22:41:04', '2018-08-20 22:41:04'),
(313, 'https://lorempixel.com/250/250/?74231', 0, 63, '2018-08-20 22:41:04', '2018-08-20 22:41:04'),
(314, 'https://lorempixel.com/250/250/?45576', 0, 63, '2018-08-20 22:41:04', '2018-08-20 22:41:04'),
(315, 'https://lorempixel.com/250/250/?73921', 0, 63, '2018-08-20 22:41:04', '2018-08-20 22:41:04'),
(316, 'https://lorempixel.com/250/250/?50185', 0, 64, '2018-08-20 22:41:04', '2018-08-20 22:41:04'),
(317, 'https://lorempixel.com/250/250/?61495', 0, 64, '2018-08-20 22:41:04', '2018-08-20 22:41:04'),
(318, 'https://lorempixel.com/250/250/?64843', 0, 64, '2018-08-20 22:41:04', '2018-08-20 22:41:04'),
(319, 'https://lorempixel.com/250/250/?47277', 0, 64, '2018-08-20 22:41:04', '2018-08-20 22:41:04'),
(320, 'https://lorempixel.com/250/250/?69557', 0, 64, '2018-08-20 22:41:04', '2018-08-20 22:41:04'),
(321, 'https://lorempixel.com/250/250/?37507', 0, 65, '2018-08-20 22:41:04', '2018-08-20 22:41:04'),
(322, 'https://lorempixel.com/250/250/?94394', 0, 65, '2018-08-20 22:41:04', '2018-08-20 22:41:04'),
(323, 'https://lorempixel.com/250/250/?70353', 0, 65, '2018-08-20 22:41:04', '2018-08-20 22:41:04'),
(324, 'https://lorempixel.com/250/250/?51155', 0, 65, '2018-08-20 22:41:04', '2018-08-20 22:41:04'),
(325, 'https://lorempixel.com/250/250/?58969', 0, 65, '2018-08-20 22:41:04', '2018-08-20 22:41:04'),
(326, 'https://lorempixel.com/250/250/?22820', 0, 66, '2018-08-20 22:41:04', '2018-08-20 22:41:04'),
(327, 'https://lorempixel.com/250/250/?72859', 0, 66, '2018-08-20 22:41:04', '2018-08-20 22:41:04'),
(328, 'https://lorempixel.com/250/250/?49865', 0, 66, '2018-08-20 22:41:04', '2018-08-20 22:41:04'),
(329, 'https://lorempixel.com/250/250/?24469', 0, 66, '2018-08-20 22:41:04', '2018-08-20 22:41:04'),
(330, 'https://lorempixel.com/250/250/?40227', 0, 66, '2018-08-20 22:41:04', '2018-08-20 22:41:04'),
(331, 'https://lorempixel.com/250/250/?14952', 0, 67, '2018-08-20 22:41:04', '2018-08-20 22:41:04'),
(332, 'https://lorempixel.com/250/250/?12386', 0, 67, '2018-08-20 22:41:04', '2018-08-20 22:41:04'),
(333, 'https://lorempixel.com/250/250/?62780', 0, 67, '2018-08-20 22:41:04', '2018-08-20 22:41:04'),
(334, 'https://lorempixel.com/250/250/?52430', 0, 67, '2018-08-20 22:41:04', '2018-08-20 22:41:04'),
(335, 'https://lorempixel.com/250/250/?41458', 0, 67, '2018-08-20 22:41:04', '2018-08-20 22:41:04'),
(336, 'https://lorempixel.com/250/250/?63233', 0, 68, '2018-08-20 22:41:04', '2018-08-20 22:41:04'),
(337, 'https://lorempixel.com/250/250/?38125', 0, 68, '2018-08-20 22:41:04', '2018-08-20 22:41:04'),
(338, 'https://lorempixel.com/250/250/?32352', 0, 68, '2018-08-20 22:41:04', '2018-08-20 22:41:04'),
(339, 'https://lorempixel.com/250/250/?20287', 0, 68, '2018-08-20 22:41:04', '2018-08-20 22:41:04'),
(340, 'https://lorempixel.com/250/250/?64800', 0, 68, '2018-08-20 22:41:04', '2018-08-20 22:41:04'),
(341, 'https://lorempixel.com/250/250/?58912', 0, 69, '2018-08-20 22:41:04', '2018-08-20 22:41:04'),
(342, 'https://lorempixel.com/250/250/?70355', 0, 69, '2018-08-20 22:41:04', '2018-08-20 22:41:04'),
(343, 'https://lorempixel.com/250/250/?24786', 0, 69, '2018-08-20 22:41:04', '2018-08-20 22:41:04'),
(344, 'https://lorempixel.com/250/250/?16329', 0, 69, '2018-08-20 22:41:04', '2018-08-20 22:41:04'),
(345, 'https://lorempixel.com/250/250/?20522', 0, 69, '2018-08-20 22:41:04', '2018-08-20 22:41:04'),
(346, 'https://lorempixel.com/250/250/?68208', 0, 70, '2018-08-20 22:41:04', '2018-08-20 22:41:04'),
(347, 'https://lorempixel.com/250/250/?61457', 0, 70, '2018-08-20 22:41:04', '2018-08-20 22:41:04'),
(348, 'https://lorempixel.com/250/250/?99122', 0, 70, '2018-08-20 22:41:04', '2018-08-20 22:41:04'),
(349, 'https://lorempixel.com/250/250/?56179', 0, 70, '2018-08-20 22:41:04', '2018-08-20 22:41:04'),
(350, 'https://lorempixel.com/250/250/?77742', 0, 70, '2018-08-20 22:41:04', '2018-08-20 22:41:04'),
(351, 'https://lorempixel.com/250/250/?19774', 0, 71, '2018-08-20 22:41:04', '2018-08-20 22:41:04'),
(352, 'https://lorempixel.com/250/250/?25630', 0, 71, '2018-08-20 22:41:04', '2018-08-20 22:41:04'),
(353, 'https://lorempixel.com/250/250/?50141', 0, 71, '2018-08-20 22:41:04', '2018-08-20 22:41:04'),
(354, 'https://lorempixel.com/250/250/?92160', 0, 71, '2018-08-20 22:41:04', '2018-08-20 22:41:04'),
(355, 'https://lorempixel.com/250/250/?68445', 0, 71, '2018-08-20 22:41:04', '2018-08-20 22:41:04'),
(356, 'https://lorempixel.com/250/250/?66605', 0, 72, '2018-08-20 22:41:04', '2018-08-20 22:41:04'),
(357, 'https://lorempixel.com/250/250/?24984', 0, 72, '2018-08-20 22:41:04', '2018-08-20 22:41:04'),
(358, 'https://lorempixel.com/250/250/?92069', 0, 72, '2018-08-20 22:41:04', '2018-08-20 22:41:04'),
(359, 'https://lorempixel.com/250/250/?30407', 0, 72, '2018-08-20 22:41:04', '2018-08-20 22:41:04'),
(360, 'https://lorempixel.com/250/250/?82556', 0, 72, '2018-08-20 22:41:04', '2018-08-20 22:41:04'),
(361, 'https://lorempixel.com/250/250/?40704', 0, 73, '2018-08-20 22:41:04', '2018-08-20 22:41:04'),
(362, 'https://lorempixel.com/250/250/?80195', 0, 73, '2018-08-20 22:41:04', '2018-08-20 22:41:04'),
(363, 'https://lorempixel.com/250/250/?98172', 0, 73, '2018-08-20 22:41:04', '2018-08-20 22:41:04'),
(364, 'https://lorempixel.com/250/250/?74447', 0, 73, '2018-08-20 22:41:04', '2018-08-20 22:41:04'),
(365, 'https://lorempixel.com/250/250/?36889', 0, 73, '2018-08-20 22:41:04', '2018-08-20 22:41:04'),
(366, 'https://lorempixel.com/250/250/?69672', 0, 74, '2018-08-20 22:41:04', '2018-08-20 22:41:04'),
(367, 'https://lorempixel.com/250/250/?78112', 0, 74, '2018-08-20 22:41:04', '2018-08-20 22:41:04'),
(368, 'https://lorempixel.com/250/250/?88724', 0, 74, '2018-08-20 22:41:04', '2018-08-20 22:41:04'),
(369, 'https://lorempixel.com/250/250/?72090', 0, 74, '2018-08-20 22:41:04', '2018-08-20 22:41:04'),
(370, 'https://lorempixel.com/250/250/?30863', 0, 74, '2018-08-20 22:41:04', '2018-08-20 22:41:04'),
(371, 'https://lorempixel.com/250/250/?19145', 0, 75, '2018-08-20 22:41:04', '2018-08-20 22:41:04'),
(372, 'https://lorempixel.com/250/250/?51929', 0, 75, '2018-08-20 22:41:04', '2018-08-20 22:41:04'),
(373, 'https://lorempixel.com/250/250/?16557', 0, 75, '2018-08-20 22:41:04', '2018-08-20 22:41:04'),
(374, 'https://lorempixel.com/250/250/?19031', 0, 75, '2018-08-20 22:41:04', '2018-08-20 22:41:04'),
(375, 'https://lorempixel.com/250/250/?69273', 0, 75, '2018-08-20 22:41:04', '2018-08-20 22:41:04'),
(376, 'https://lorempixel.com/250/250/?27947', 0, 76, '2018-08-20 22:41:04', '2018-08-20 22:41:04'),
(377, 'https://lorempixel.com/250/250/?11715', 0, 76, '2018-08-20 22:41:04', '2018-08-20 22:41:04'),
(378, 'https://lorempixel.com/250/250/?83196', 0, 76, '2018-08-20 22:41:04', '2018-08-20 22:41:04'),
(379, 'https://lorempixel.com/250/250/?35690', 0, 76, '2018-08-20 22:41:04', '2018-08-20 22:41:04'),
(380, 'https://lorempixel.com/250/250/?34743', 0, 76, '2018-08-20 22:41:04', '2018-08-20 22:41:04'),
(381, 'https://lorempixel.com/250/250/?19459', 0, 77, '2018-08-20 22:41:04', '2018-08-20 22:41:04'),
(382, 'https://lorempixel.com/250/250/?12391', 0, 77, '2018-08-20 22:41:04', '2018-08-20 22:41:04'),
(383, 'https://lorempixel.com/250/250/?14874', 0, 77, '2018-08-20 22:41:04', '2018-08-20 22:41:04'),
(384, 'https://lorempixel.com/250/250/?95863', 0, 77, '2018-08-20 22:41:04', '2018-08-20 22:41:04'),
(385, 'https://lorempixel.com/250/250/?65095', 0, 77, '2018-08-20 22:41:04', '2018-08-20 22:41:04'),
(386, 'https://lorempixel.com/250/250/?15690', 0, 78, '2018-08-20 22:41:04', '2018-08-20 22:41:04'),
(387, 'https://lorempixel.com/250/250/?20882', 0, 78, '2018-08-20 22:41:04', '2018-08-20 22:41:04'),
(388, 'https://lorempixel.com/250/250/?95816', 0, 78, '2018-08-20 22:41:04', '2018-08-20 22:41:04'),
(389, 'https://lorempixel.com/250/250/?70094', 0, 78, '2018-08-20 22:41:04', '2018-08-20 22:41:04'),
(390, 'https://lorempixel.com/250/250/?73727', 0, 78, '2018-08-20 22:41:04', '2018-08-20 22:41:04'),
(391, 'https://lorempixel.com/250/250/?29103', 0, 79, '2018-08-20 22:41:04', '2018-08-20 22:41:04'),
(392, 'https://lorempixel.com/250/250/?41423', 0, 79, '2018-08-20 22:41:04', '2018-08-20 22:41:04'),
(393, 'https://lorempixel.com/250/250/?98084', 0, 79, '2018-08-20 22:41:04', '2018-08-20 22:41:04'),
(394, 'https://lorempixel.com/250/250/?30150', 0, 79, '2018-08-20 22:41:04', '2018-08-20 22:41:04'),
(395, 'https://lorempixel.com/250/250/?24814', 0, 79, '2018-08-20 22:41:04', '2018-08-20 22:41:04'),
(396, 'https://lorempixel.com/250/250/?74236', 0, 80, '2018-08-20 22:41:04', '2018-08-20 22:41:04'),
(397, 'https://lorempixel.com/250/250/?47227', 0, 80, '2018-08-20 22:41:04', '2018-08-20 22:41:04'),
(398, 'https://lorempixel.com/250/250/?39230', 0, 80, '2018-08-20 22:41:04', '2018-08-20 22:41:04'),
(399, 'https://lorempixel.com/250/250/?36219', 0, 80, '2018-08-20 22:41:04', '2018-08-20 22:41:04'),
(400, 'https://lorempixel.com/250/250/?55029', 0, 80, '2018-08-20 22:41:04', '2018-08-20 22:41:04'),
(401, 'https://lorempixel.com/250/250/?49386', 0, 81, '2018-08-20 22:41:04', '2018-08-20 22:41:04'),
(402, 'https://lorempixel.com/250/250/?38891', 0, 81, '2018-08-20 22:41:04', '2018-08-20 22:41:04'),
(403, 'https://lorempixel.com/250/250/?41345', 0, 81, '2018-08-20 22:41:04', '2018-08-20 22:41:04'),
(404, 'https://lorempixel.com/250/250/?74199', 0, 81, '2018-08-20 22:41:04', '2018-08-20 22:41:04'),
(405, 'https://lorempixel.com/250/250/?52316', 0, 81, '2018-08-20 22:41:04', '2018-08-20 22:41:04'),
(406, 'https://lorempixel.com/250/250/?26672', 0, 82, '2018-08-20 22:41:04', '2018-08-20 22:41:04'),
(407, 'https://lorempixel.com/250/250/?14682', 0, 82, '2018-08-20 22:41:04', '2018-08-20 22:41:04'),
(408, 'https://lorempixel.com/250/250/?84230', 0, 82, '2018-08-20 22:41:04', '2018-08-20 22:41:04'),
(409, 'https://lorempixel.com/250/250/?25857', 0, 82, '2018-08-20 22:41:04', '2018-08-20 22:41:04'),
(410, 'https://lorempixel.com/250/250/?30706', 0, 82, '2018-08-20 22:41:04', '2018-08-20 22:41:04'),
(411, 'https://lorempixel.com/250/250/?79169', 0, 83, '2018-08-20 22:41:04', '2018-08-20 22:41:04'),
(412, 'https://lorempixel.com/250/250/?80295', 0, 83, '2018-08-20 22:41:04', '2018-08-20 22:41:04'),
(413, 'https://lorempixel.com/250/250/?86086', 0, 83, '2018-08-20 22:41:04', '2018-08-20 22:41:04'),
(414, 'https://lorempixel.com/250/250/?35250', 0, 83, '2018-08-20 22:41:04', '2018-08-20 22:41:04'),
(415, 'https://lorempixel.com/250/250/?32883', 0, 83, '2018-08-20 22:41:04', '2018-08-20 22:41:04'),
(416, 'https://lorempixel.com/250/250/?73087', 0, 84, '2018-08-20 22:41:04', '2018-08-20 22:41:04'),
(417, 'https://lorempixel.com/250/250/?69428', 0, 84, '2018-08-20 22:41:04', '2018-08-20 22:41:04'),
(418, 'https://lorempixel.com/250/250/?25107', 0, 84, '2018-08-20 22:41:04', '2018-08-20 22:41:04'),
(419, 'https://lorempixel.com/250/250/?92088', 0, 84, '2018-08-20 22:41:04', '2018-08-20 22:41:04'),
(420, 'https://lorempixel.com/250/250/?12576', 0, 84, '2018-08-20 22:41:04', '2018-08-20 22:41:04'),
(421, 'https://lorempixel.com/250/250/?96081', 0, 85, '2018-08-20 22:41:04', '2018-08-20 22:41:04'),
(422, 'https://lorempixel.com/250/250/?37339', 0, 85, '2018-08-20 22:41:04', '2018-08-20 22:41:04'),
(423, 'https://lorempixel.com/250/250/?59743', 0, 85, '2018-08-20 22:41:04', '2018-08-20 22:41:04'),
(424, 'https://lorempixel.com/250/250/?52525', 0, 85, '2018-08-20 22:41:04', '2018-08-20 22:41:04'),
(425, 'https://lorempixel.com/250/250/?87953', 0, 85, '2018-08-20 22:41:04', '2018-08-20 22:41:04'),
(426, 'https://lorempixel.com/250/250/?87407', 0, 86, '2018-08-20 22:41:04', '2018-08-20 22:41:04'),
(427, 'https://lorempixel.com/250/250/?95597', 0, 86, '2018-08-20 22:41:04', '2018-08-20 22:41:04'),
(428, 'https://lorempixel.com/250/250/?51643', 0, 86, '2018-08-20 22:41:04', '2018-08-20 22:41:04'),
(429, 'https://lorempixel.com/250/250/?53890', 0, 86, '2018-08-20 22:41:04', '2018-08-20 22:41:04'),
(430, 'https://lorempixel.com/250/250/?56301', 0, 86, '2018-08-20 22:41:04', '2018-08-20 22:41:04'),
(431, 'https://lorempixel.com/250/250/?21401', 0, 87, '2018-08-20 22:41:04', '2018-08-20 22:41:04'),
(432, 'https://lorempixel.com/250/250/?41265', 0, 87, '2018-08-20 22:41:04', '2018-08-20 22:41:04'),
(433, 'https://lorempixel.com/250/250/?47408', 0, 87, '2018-08-20 22:41:04', '2018-08-20 22:41:04'),
(434, 'https://lorempixel.com/250/250/?98335', 0, 87, '2018-08-20 22:41:04', '2018-08-20 22:41:04'),
(435, 'https://lorempixel.com/250/250/?38942', 0, 87, '2018-08-20 22:41:04', '2018-08-20 22:41:04'),
(436, 'https://lorempixel.com/250/250/?25853', 0, 88, '2018-08-20 22:41:04', '2018-08-20 22:41:04'),
(437, 'https://lorempixel.com/250/250/?42403', 0, 88, '2018-08-20 22:41:04', '2018-08-20 22:41:04'),
(438, 'https://lorempixel.com/250/250/?14040', 0, 88, '2018-08-20 22:41:04', '2018-08-20 22:41:04'),
(439, 'https://lorempixel.com/250/250/?86532', 0, 88, '2018-08-20 22:41:04', '2018-08-20 22:41:04'),
(440, 'https://lorempixel.com/250/250/?56146', 0, 88, '2018-08-20 22:41:04', '2018-08-20 22:41:04'),
(441, 'https://lorempixel.com/250/250/?24853', 0, 89, '2018-08-20 22:41:04', '2018-08-20 22:41:04'),
(442, 'https://lorempixel.com/250/250/?90415', 0, 89, '2018-08-20 22:41:04', '2018-08-20 22:41:04'),
(443, 'https://lorempixel.com/250/250/?22348', 0, 89, '2018-08-20 22:41:04', '2018-08-20 22:41:04'),
(444, 'https://lorempixel.com/250/250/?33723', 0, 89, '2018-08-20 22:41:04', '2018-08-20 22:41:04'),
(445, 'https://lorempixel.com/250/250/?97759', 0, 89, '2018-08-20 22:41:04', '2018-08-20 22:41:04'),
(446, 'https://lorempixel.com/250/250/?33119', 0, 90, '2018-08-20 22:41:04', '2018-08-20 22:41:04'),
(447, 'https://lorempixel.com/250/250/?75150', 0, 90, '2018-08-20 22:41:04', '2018-08-20 22:41:04'),
(448, 'https://lorempixel.com/250/250/?89286', 0, 90, '2018-08-20 22:41:04', '2018-08-20 22:41:04'),
(449, 'https://lorempixel.com/250/250/?64344', 0, 90, '2018-08-20 22:41:04', '2018-08-20 22:41:04'),
(450, 'https://lorempixel.com/250/250/?16123', 0, 90, '2018-08-20 22:41:04', '2018-08-20 22:41:04'),
(451, 'https://lorempixel.com/250/250/?66853', 0, 91, '2018-08-20 22:41:04', '2018-08-20 22:41:04'),
(452, 'https://lorempixel.com/250/250/?92546', 0, 91, '2018-08-20 22:41:04', '2018-08-20 22:41:04'),
(453, 'https://lorempixel.com/250/250/?87202', 0, 91, '2018-08-20 22:41:04', '2018-08-20 22:41:04'),
(454, 'https://lorempixel.com/250/250/?64153', 0, 91, '2018-08-20 22:41:04', '2018-08-20 22:41:04'),
(455, 'https://lorempixel.com/250/250/?52358', 0, 91, '2018-08-20 22:41:04', '2018-08-20 22:41:04'),
(456, 'https://lorempixel.com/250/250/?59034', 0, 92, '2018-08-20 22:41:04', '2018-08-20 22:41:04'),
(457, 'https://lorempixel.com/250/250/?54157', 0, 92, '2018-08-20 22:41:04', '2018-08-20 22:41:04'),
(458, 'https://lorempixel.com/250/250/?77949', 0, 92, '2018-08-20 22:41:04', '2018-08-20 22:41:04'),
(459, 'https://lorempixel.com/250/250/?98544', 0, 92, '2018-08-20 22:41:04', '2018-08-20 22:41:04'),
(460, 'https://lorempixel.com/250/250/?60419', 0, 92, '2018-08-20 22:41:04', '2018-08-20 22:41:04'),
(461, 'https://lorempixel.com/250/250/?62750', 0, 93, '2018-08-20 22:41:04', '2018-08-20 22:41:04'),
(462, 'https://lorempixel.com/250/250/?16063', 0, 93, '2018-08-20 22:41:04', '2018-08-20 22:41:04'),
(463, 'https://lorempixel.com/250/250/?88322', 0, 93, '2018-08-20 22:41:04', '2018-08-20 22:41:04'),
(464, 'https://lorempixel.com/250/250/?46048', 0, 93, '2018-08-20 22:41:04', '2018-08-20 22:41:04'),
(465, 'https://lorempixel.com/250/250/?93979', 0, 93, '2018-08-20 22:41:04', '2018-08-20 22:41:04'),
(466, 'https://lorempixel.com/250/250/?70275', 0, 94, '2018-08-20 22:41:04', '2018-08-20 22:41:04'),
(467, 'https://lorempixel.com/250/250/?88740', 0, 94, '2018-08-20 22:41:04', '2018-08-20 22:41:04'),
(468, 'https://lorempixel.com/250/250/?40485', 0, 94, '2018-08-20 22:41:04', '2018-08-20 22:41:04'),
(469, 'https://lorempixel.com/250/250/?18088', 0, 94, '2018-08-20 22:41:04', '2018-08-20 22:41:04'),
(470, 'https://lorempixel.com/250/250/?92110', 0, 94, '2018-08-20 22:41:04', '2018-08-20 22:41:04'),
(471, 'https://lorempixel.com/250/250/?48294', 0, 95, '2018-08-20 22:41:04', '2018-08-20 22:41:04'),
(472, 'https://lorempixel.com/250/250/?58854', 0, 95, '2018-08-20 22:41:04', '2018-08-20 22:41:04'),
(473, 'https://lorempixel.com/250/250/?32289', 0, 95, '2018-08-20 22:41:04', '2018-08-20 22:41:04'),
(474, 'https://lorempixel.com/250/250/?79403', 0, 95, '2018-08-20 22:41:04', '2018-08-20 22:41:04'),
(475, 'https://lorempixel.com/250/250/?40003', 0, 95, '2018-08-20 22:41:04', '2018-08-20 22:41:04'),
(476, 'https://lorempixel.com/250/250/?62127', 0, 96, '2018-08-20 22:41:04', '2018-08-20 22:41:04'),
(477, 'https://lorempixel.com/250/250/?60792', 0, 96, '2018-08-20 22:41:04', '2018-08-20 22:41:04'),
(478, 'https://lorempixel.com/250/250/?43187', 0, 96, '2018-08-20 22:41:04', '2018-08-20 22:41:04'),
(479, 'https://lorempixel.com/250/250/?85718', 0, 96, '2018-08-20 22:41:04', '2018-08-20 22:41:04'),
(480, 'https://lorempixel.com/250/250/?62204', 0, 96, '2018-08-20 22:41:04', '2018-08-20 22:41:04'),
(481, 'https://lorempixel.com/250/250/?91759', 0, 97, '2018-08-20 22:41:04', '2018-08-20 22:41:04'),
(482, 'https://lorempixel.com/250/250/?46577', 0, 97, '2018-08-20 22:41:05', '2018-08-20 22:41:05'),
(483, 'https://lorempixel.com/250/250/?36628', 0, 97, '2018-08-20 22:41:05', '2018-08-20 22:41:05'),
(484, 'https://lorempixel.com/250/250/?78946', 0, 97, '2018-08-20 22:41:05', '2018-08-20 22:41:05'),
(485, 'https://lorempixel.com/250/250/?74853', 0, 97, '2018-08-20 22:41:05', '2018-08-20 22:41:05'),
(486, 'https://lorempixel.com/250/250/?42094', 0, 98, '2018-08-20 22:41:05', '2018-08-20 22:41:05'),
(487, 'https://lorempixel.com/250/250/?81067', 0, 98, '2018-08-20 22:41:05', '2018-08-20 22:41:05'),
(488, 'https://lorempixel.com/250/250/?37394', 0, 98, '2018-08-20 22:41:05', '2018-08-20 22:41:05'),
(489, 'https://lorempixel.com/250/250/?14051', 0, 98, '2018-08-20 22:41:05', '2018-08-20 22:41:05'),
(490, 'https://lorempixel.com/250/250/?98927', 0, 98, '2018-08-20 22:41:05', '2018-08-20 22:41:05'),
(491, 'https://lorempixel.com/250/250/?62305', 0, 99, '2018-08-20 22:41:05', '2018-08-20 22:41:05'),
(492, 'https://lorempixel.com/250/250/?79285', 0, 99, '2018-08-20 22:41:05', '2018-08-20 22:41:05'),
(493, 'https://lorempixel.com/250/250/?99093', 0, 99, '2018-08-20 22:41:05', '2018-08-20 22:41:05'),
(494, 'https://lorempixel.com/250/250/?33940', 0, 99, '2018-08-20 22:41:05', '2018-08-20 22:41:05'),
(495, 'https://lorempixel.com/250/250/?24222', 0, 99, '2018-08-20 22:41:05', '2018-08-20 22:41:05'),
(496, 'https://lorempixel.com/250/250/?48172', 0, 100, '2018-08-20 22:41:05', '2018-08-20 22:41:05'),
(497, 'https://lorempixel.com/250/250/?72410', 0, 100, '2018-08-20 22:41:05', '2018-08-20 22:41:05'),
(498, 'https://lorempixel.com/250/250/?81383', 0, 100, '2018-08-20 22:41:05', '2018-08-20 22:41:05'),
(499, 'https://lorempixel.com/250/250/?48464', 0, 100, '2018-08-20 22:41:05', '2018-08-20 22:41:05'),
(500, 'https://lorempixel.com/250/250/?74802', 0, 100, '2018-08-20 22:41:05', '2018-08-20 22:41:05');

-- --------------------------------------------------------

--
-- Estructura de tabla para la tabla `users`
--

CREATE TABLE `users` (
  `id` int(10) UNSIGNED NOT NULL,
  `name` varchar(191) COLLATE utf8mb4_unicode_ci NOT NULL,
  `email` varchar(191) COLLATE utf8mb4_unicode_ci NOT NULL,
  `password` varchar(191) COLLATE utf8mb4_unicode_ci NOT NULL,
  `remember_token` varchar(100) COLLATE utf8mb4_unicode_ci DEFAULT NULL,
  `created_at` timestamp NULL DEFAULT NULL,
  `updated_at` timestamp NULL DEFAULT NULL
) ENGINE=InnoDB DEFAULT CHARSET=utf8mb4 COLLATE=utf8mb4_unicode_ci;

--
-- Volcado de datos para la tabla `users`
--

INSERT INTO `users` (`id`, `name`, `email`, `password`, `remember_token`, `created_at`, `updated_at`) VALUES
(1, 'Juan', 'bukers12@gmail.com', '$2y$10$y71cnoj8OLT627yKIpvFAOmwcaHg6n/gtbvq/0SD9THbTdfuhWnJe', NULL, '2018-08-20 22:41:01', '2018-08-20 22:41:01');

--
-- Índices para tablas volcadas
--

--
-- Indices de la tabla `categories`
--
ALTER TABLE `categories`
  ADD PRIMARY KEY (`id`);

--
-- Indices de la tabla `migrations`
--
ALTER TABLE `migrations`
  ADD PRIMARY KEY (`id`);

--
-- Indices de la tabla `password_resets`
--
ALTER TABLE `password_resets`
  ADD KEY `password_resets_email_index` (`email`);

--
-- Indices de la tabla `products`
--
ALTER TABLE `products`
  ADD PRIMARY KEY (`id`),
  ADD KEY `products_category_id_foreign` (`category_id`);

--
-- Indices de la tabla `product_images`
--
ALTER TABLE `product_images`
  ADD PRIMARY KEY (`id`),
  ADD KEY `product_images_product_id_foreign` (`product_id`);

--
-- Indices de la tabla `users`
--
ALTER TABLE `users`
  ADD PRIMARY KEY (`id`),
  ADD UNIQUE KEY `users_email_unique` (`email`);

--
-- AUTO_INCREMENT de las tablas volcadas
--

--
-- AUTO_INCREMENT de la tabla `categories`
--
ALTER TABLE `categories`
  MODIFY `id` int(10) UNSIGNED NOT NULL AUTO_INCREMENT, AUTO_INCREMENT=6;

--
-- AUTO_INCREMENT de la tabla `migrations`
--
ALTER TABLE `migrations`
  MODIFY `id` int(10) UNSIGNED NOT NULL AUTO_INCREMENT, AUTO_INCREMENT=39;

--
-- AUTO_INCREMENT de la tabla `products`
--
ALTER TABLE `products`
  MODIFY `id` int(10) UNSIGNED NOT NULL AUTO_INCREMENT, AUTO_INCREMENT=101;

--
-- AUTO_INCREMENT de la tabla `product_images`
--
ALTER TABLE `product_images`
  MODIFY `id` int(10) UNSIGNED NOT NULL AUTO_INCREMENT, AUTO_INCREMENT=501;

--
-- AUTO_INCREMENT de la tabla `users`
--
ALTER TABLE `users`
  MODIFY `id` int(10) UNSIGNED NOT NULL AUTO_INCREMENT, AUTO_INCREMENT=2;

--
-- Restricciones para tablas volcadas
--

--
-- Filtros para la tabla `products`
--
ALTER TABLE `products`
  ADD CONSTRAINT `products_category_id_foreign` FOREIGN KEY (`category_id`) REFERENCES `categories` (`id`);

--
-- Filtros para la tabla `product_images`
--
ALTER TABLE `product_images`
  ADD CONSTRAINT `product_images_product_id_foreign` FOREIGN KEY (`product_id`) REFERENCES `products` (`id`);
COMMIT;

/*!40101 SET CHARACTER_SET_CLIENT=@OLD_CHARACTER_SET_CLIENT */;
/*!40101 SET CHARACTER_SET_RESULTS=@OLD_CHARACTER_SET_RESULTS */;
/*!40101 SET COLLATION_CONNECTION=@OLD_COLLATION_CONNECTION */;
